sNET, RSS of Yobs-YNF without the left out experiment, RSS of Pobs-PNF without the left out experiment, WRSS of Yobs-YNF without the left out experiment, WRSS of Pobs-PNF without the left out experiment, RSS of Yobs without the left out experiment , RSS of Pobs without the left out experiment , WRSS of Yobs without the left out experiment , WRSS of Pobs without the left out experiment , RSS(Yobs), RSS(Pobs), WRSS(Yobs), WRSS(Pobs), RSS(Eobs), RSS(Fobs), WRSS(Eobs), WRSS(Fobs), RSS(Yobs-Ypred) LOO, RSS(Pobs-Ppred) LOO, WRSS(Yobs-Ypred) LOO, WRSS(Pobs-Ppred) LOO, Y pred for LOO, RSS of linear combination of P, WRSS of prediction of Y, SPCorr, relErrorY, relErrorP, relErrorYdouble, relErrorPdouble
FITBolasso_network_L1531_M115_support99.9_2.20e-04,1399.99,30.3979,989.884,2110.97,3083.47,68,2180.21,4722.22,3174.16,70,2244.33,4861.11,1500.19,30.8967,1060.73,2145.6,5964.45,25.2773,4217.25,1755.37,5964.45,25.0835,4217.25,0.337633,0.480682,0.436324,0.472625,0.441382
FITBolasso_network_L1595_M115_support100.1_1.27e-05,1535.02,32.6638,1085.35,2268.32,3083.47,68,2180.21,4722.22,3174.16,70,2244.33,4861.11,1433.72,34.5432,1013.73,2398.84,6245.78,26.7811,4416.16,1859.8,6245.78,25.0835,4416.16,0.304006,0.483291,0.481599,0.451686,0.493475
FITBolasso_network_L1546_M115_support100_1.67e-04,1502.91,32.08,1062.65,2227.78,3083.47,68,2180.21,4722.22,3174.16,70,2244.33,4861.11,1438.5,33.7066,1017.11,2340.74,6484.35,26.2517,4584.85,1823.03,6484.35,25.0835,4584.85,0.315291,0.462107,0.477109,0.453191,0.481523
FITBolasso_network_L423_M115_support87.9_1.05e-02,1264.47,26.7214,894.064,1855.65,3083.47,68,2180.21,4722.22,3174.16,70,2244.33,4861.11,1298.42,27.5131,918.063,1910.63,6486.35,21.3789,4586.26,1484.65,6486.35,25.0835,4586.26,0.273599,0.418325,0.387444,0.409058,0.393045
FITBolasso_network_L423_M115_support90_1.05e-02,1207.09,26.9333,853.492,1870.37,3083.47,68,2180.21,4722.22,3174.16,70,2244.33,4861.11,1179.61,28.0956,834.057,1951.08,6587.7,21.2934,4657.93,1478.71,6587.7,25.0835,4657.93,0.257504,0.391057,0.393941,0.371628,0.401366
FITBolsco_network_L1593_M115_support100.1_7.46e-05,1457.53,31.2251,1030.57,2168.41,3083.47,68,2180.21,4722.22,3174.16,70,2244.33,4861.11,1576.74,31.6762,1114.86,2199.74,6610.55,26.1353,4674.08,1814.95,6610.55,25.0835,4674.08,0.275159,0.488814,0.450892,0.496744,0.452517
FITBolasso_network_L494_M115_support90.1_7.99e-03,1128.73,24.9582,798.083,1733.21,3083.47,68,2180.21,4722.22,3174.16,70,2244.33,4861.11,1277.64,24.9819,903.37,1734.85,7482.85,20.7361,5290.85,1440,7482.85,25.0835,5290.85,0.253203,0.348318,0.367459,0.402511,0.356884
FITBolsco_network_L1596_M115_support100.1_3.53e-05,1385.22,29.4746,979.437,2046.85,3083.47,68,2180.21,4722.22,3174.16,70,2244.33,4861.11,1358.79,30.788,960.752,2138.06,7545.82,24.8507,5335.38,1725.74,7545.82,25.0835,5335.38,0.297766,0.467985,0.422874,0.428079,0.439829
FITBolsco_network_L45_M115_support6.1_1.49e-01,849.731,18.5583,600.814,1288.77,3083.47,68,2180.21,4722.22,3174.16,70,2244.33,4861.11,965.188,18.1828,682.449,1262.69,9147.77,17.9061,6468.06,1243.48,9147.77,25.0835,6468.06,0.283936,0.254331,0.290173,0.304077,0.259754
FITBolsco_network_L18_M115_support0.8_1.96e-01,988.918,22.4029,699.228,1555.76,3083.47,68,2180.21,4722.22,3174.16,70,2244.33,4861.11,938.743,23.7027,663.751,1646.02,9667.4,19.094,6835.47,1325.97,9667.4,25.0835,6835.47,0.28043,0.303888,0.343136,0.295745,0.33861
indegreeRandomFit_Bolasso_network_L1031_M115_support97.2_2.01e-03,974.254,21.7097,688.859,1507.62,3083.47,68,2180.21,4722.22,3174.16,70,2244.33,4861.11,1042.53,21.8477,737.134,1517.2,9683.91,20.5184,6847.14,1424.89,9683.91,25.0835,6847.14,0.313264,0.329876,0.303747,0.328442,0.312109
indegreeRandomFit_Bolasso_network_L1253_M115_support98.7_1.16e-03,1126.94,22.8129,796.821,1584.23,3083.47,68,2180.21,4722.22,3174.16,70,2244.33,4861.11,1111.11,23.9625,785.629,1664.06,10295.2,20.8967,7279.38,1451.16,10295.2,25.0835,7279.38,0.346358,0.374206,0.325352,0.35005,0.342322
FITBolasso_network_L494_M115_support91.5_7.99e-03,1210.93,25.5488,856.204,1774.22,3083.47,68,2180.21,4722.22,3174.16,70,2244.33,4861.11,1329.51,25.851,940.05,1795.21,14525,20.7147,10270.1,1438.52,14525,25.0835,10270.1,0.274361,0.39465,0.371266,0.418855,0.369301
FITBolasso_network_L1145_M115_support97.5_1.52e-03,1182.65,25.465,836.211,1768.4,3083.47,68,2180.21,4722.22,3174.16,70,2244.33,4861.11,1209.74,26.2484,855.36,1822.81,14900.1,21.113,10535.3,1466.18,14900.1,25.0835,10535.3,0.251742,0.396172,0.367837,0.38112,0.374977
FITBolsco_network_L1598_M115_support100.1_8.48e-06,1163.78,26.0233,822.864,1807.17,3083.47,68,2180.21,4722.22,3174.16,70,2244.33,4861.11,1280.81,26.1732,905.617,1817.58,14915.2,22.6396,10546,1572.19,14915.2,25.0835,10546,0.329074,0.382724,0.372695,0.403513,0.373903
indegreeRandomFit_Bolasso_network_L1145_M115_support98.4_1.52e-03,1088.67,23.2093,769.758,1611.75,3083.47,68,2180.21,4722.22,3174.16,70,2244.33,4861.11,1177.77,23.1611,832.76,1608.41,15468.9,24.0802,10937.5,1672.24,15468.9,25.0835,10937.5,0.319302,0.369817,0.326902,0.37105,0.330872
indegreeRandomFit_Bolasso_network_L1253_M115_support98.7_1.16e-03,1190.16,24.5248,841.52,1703.11,3083.47,68,2180.21,4722.22,3174.16,70,2244.33,4861.11,1168.75,25.8055,826.382,1792.05,15734.5,23.4834,11125.3,1630.79,15734.5,25.0835,11125.3,0.293338,0.387216,0.354934,0.368208,0.36865
FITBolasso_network_L898_M115_support97.7_2.65e-03,1177.2,26.4584,832.356,1837.39,3083.47,68,2180.21,4722.22,3174.16,70,2244.33,4861.11,1119.36,27.8559,791.459,1934.44,15960.2,22.3283,11284.8,1550.58,15960.2,25.0835,11284.8,0.299924,0.387249,0.39508,0.352648,0.397942
FITBolasso_network_L1031_M115_support98.1_2.01e-03,1185.99,26.8268,838.572,1862.97,3083.47,68,2180.21,4722.22,3174.16,70,2244.33,4861.11,1184.87,27.8287,837.779,1932.55,16380.4,22.3058,11582,1549.01,16380.4,25.0835,11582,0.28363,0.367502,0.396067,0.373286,0.397553
FITBolasso_network_L1031_M115_support98.1_2.01e-03,1185.99,26.8268,838.572,1862.97,3083.47,68,2180.21,4722.22,3174.16,70,2244.33,4861.11,1184.87,27.8287,837.779,1932.55,16380.4,22.3058,11582,1549.01,16380.4,25.0835,11582,0.28363,0.367502,0.396067,0.373286,0.397553
FITBolsco_network_L1597_M115_support100.1_1.70e-05,1360.47,29.7845,961.938,2068.37,3083.47,68,2180.21,4722.22,3174.16,70,2244.33,4861.11,1442.32,30.3779,1019.81,2109.57,17905.2,25.4386,12660.1,1766.57,17905.2,25.0835,12660.1,0.28291,0.42061,0.439843,0.454393,0.433969
FITBolsco_network_L803_M115_support92.4_1.24e-02,813.544,16.1466,575.227,1121.29,3083.47,68,2180.21,4722.22,3174.16,70,2244.33,4861.11,694.001,18.4725,490.703,1282.81,18484.8,16.4036,13070,1139.14,18484.8,25.0835,13070,0.331919,0.263924,0.241509,0.218641,0.263893
FITBotlsco_network_L1032_M115_support90.8_1.07e-02,573.35,14.3023,405.395,993.217,3083.47,68,2180.21,4722.22,3174.16,70,2244.33,4861.11,590.36,14.6822,417.422,1019.6,18752.9,16.0545,13259.5,1114.9,18752.9,25.0835,13259.5,0.363359,0.171882,0.221653,0.185989,0.209746
complimentRandomFit_Bolasso_network_L1145_M115_support98.4_1.52e-03,1169.95,26.8019,827.229,1861.24,3083.47,68,2180.21,4722.22,3174.16,70,2244.33,4861.11,1219.23,27.4506,862.07,1906.29,20621.5,22.6327,14580.7,1571.72,20621.5,25.0835,14580.7,0.170011,0.365406,0.396508,0.384109,0.392151
FITBolsco_network_L45_M115_support4.6_1.49e-01,826.099,18.8829,584.104,1311.31,3083.47,68,2180.21,4722.22,3174.16,70,2244.33,4861.11,805.621,19.9201,569.625,1383.34,21538.6,18.2684,15229.2,1268.64,21538.6,25.0835,15229.2,0.218661,0.283883,0.276496,0.253806,0.284573
FITBolasso_network_L567_M115_support91.8_6.06e-03,1117.85,24.0062,790.39,1667.1,3083.47,68,2180.21,4722.22,3174.16,70,2244.33,4861.11,1164.69,24.6091,823.508,1708.96,21780.2,20.1786,15400,1401.29,21780.2,25.0835,15400,0.252624,0.344817,0.35292,0.366928,0.351558
FITBolasso_network_L1514_M115_support99.7_2.90e-04,1304.64,28.4612,922.466,1976.47,3083.47,68,2180.21,4722.22,3174.16,70,2244.33,4861.11,1337.95,29.3209,946.018,2036.17,21918.7,24.306,15497.9,1687.92,21918.7,25.0835,15497.9,0.297427,0.396587,0.421424,0.421514,0.41887
FITBolasso_network_L1145_M115_support98.4_1.52e-03,1253.97,26.746,886.635,1857.36,3083.47,68,2180.21,4722.22,3174.16,70,2244.33,4861.11,1168.92,28.3258,826.499,1967.07,22047,22.1766,15588.6,1540.04,22047,25.0835,15588.6,0.265253,0.381501,0.398534,0.36826,0.404654
FITBolasso_network_L1145_M115_support98.4_1.52e-03,1253.97,26.746,886.635,1857.36,3083.47,68,2180.21,4722.22,3174.16,70,2244.33,4861.11,1168.92,28.3258,826.499,1967.07,22047,22.1766,15588.6,1540.04,22047,25.0835,15588.6,0.265253,0.381501,0.398534,0.36826,0.404654
indegreeRandomFit_Bolasso_network_L1031_M115_support98.1_2.01e-03,1037.69,23.85,733.711,1656.25,3083.47,68,2180.21,4722.22,3174.16,70,2244.33,4861.11,1017.57,25.1491,719.488,1746.47,22296.2,23.1862,15764.8,1610.15,22296.2,25.0835,15764.8,0.335486,0.332497,0.345582,0.32058,0.359273
FITBolasso_network_L1600_M115_support100.1_2.73e-07,632.853,14.935,447.467,1037.15,3083.47,68,2180.21,4722.22,3174.16,70,2244.33,4861.11,710.302,14.5902,502.228,1013.21,22832,16.7286,16143.6,1161.71,22832,25.0835,16143.6,0.236704,0.212711,0.216466,0.223776,0.208432
FITBolasso_network_L1441_M115_support99.4_5.04e-04,1324.11,28.5707,936.232,1984.08,3083.47,68,2180.21,4722.22,3174.16,70,2244.33,4861.11,1237.14,30.1577,874.738,2094.28,23714.4,23.8876,16767.6,1658.86,23714.4,25.0835,16767.6,0.302826,0.445219,0.408983,0.389754,0.430824
FITBolasso_network_L1486_M115_support99.6_3.82e-04,1265.23,27.8413,894.595,1933.42,3083.47,68,2180.21,4722.22,3174.16,70,2244.33,4861.11,1419.97,27.9604,1004.01,1941.7,24504.4,23.2948,17326.2,1617.69,24504.4,25.0835,17326.2,0.306988,0.386623,0.417416,0.447352,0.399434
FITBolsco_network_L206_M115_support69.2_4.93e-02,825.987,16.4657,584.025,1143.45,3083.47,68,2180.21,4722.22,3174.16,70,2244.33,4861.11,889.026,16.4682,628.598,1143.63,26414.9,16.4377,18677,1141.5,26414.9,25.0835,18677,0.28594,0.275348,0.242639,0.280082,0.23526
FITBolasso_network_L1599_M115_support100.1_5.88e-06,1414.74,30.5293,1000.31,2120.09,3083.47,68,2180.21,4722.22,3174.16,70,2244.33,4861.11,1318.62,32.2589,932.349,2240.2,26859.5,25.1169,18991.3,1744.23,26859.5,25.0835,18991.3,0.287352,0.465338,0.444195,0.415424,0.460842
FITBolsco_network_L1556_M115_support100_5.94e-04,1406.67,30.1202,994.604,2091.68,3083.47,68,2180.21,4722.22,3174.16,70,2244.33,4861.11,1308.23,31.9283,925.004,2217.24,27243.1,25.316,19262.6,1758.06,27243.1,25.0835,19262.6,0.234931,0.436585,0.451257,0.412151,0.456118
FITBolsco_network_L1542_M115_support99.9_7.83e-04,1289.57,28.0162,911.81,1945.57,3083.47,68,2180.21,4722.22,3174.16,70,2244.33,4861.11,1290.08,29.0802,912.166,2019.46,27496.5,23.7754,19441.8,1651.07,27496.5,25.0835,19441.8,0.271369,0.38237,0.425112,0.406431,0.415431
indegreeRandomFit_Bolasso_network_L1253_M115_support97.6_1.16e-03,930.02,21.6943,657.583,1506.55,3083.47,68,2180.21,4722.22,3174.16,70,2244.33,4861.11,974.73,22.0863,689.196,1533.77,28400.4,21.6986,20080.9,1506.85,28400.4,25.0835,20080.9,0.370726,0.288443,0.320366,0.307083,0.315518
FITBolsco_network_L1568_M115_support100_4.51e-04,1341.27,29.3155,948.362,2035.8,3083.47,68,2180.21,4722.22,3174.16,70,2244.33,4861.11,1297.49,30.7449,917.405,2135.07,28434.9,25.1432,20105.3,1746.05,28434.9,25.0835,20105.3,0.263954,0.435492,0.432657,0.408765,0.439213
FITBotlsco_network_L1517_M115_support99.3_1.26e-03,868.516,19.9963,614.096,1388.63,3083.47,68,2180.21,4722.22,3174.16,70,2244.33,4861.11,967.452,19.7388,684.05,1370.75,29561.3,18.9941,20901.7,1319.04,29561.3,25.0835,20901.7,0.308666,0.285857,0.295388,0.30479,0.281983
FITBotlsco_network_L293_M115_support44.9_5.61e-02,15.777,63.5732,11.1554,4414.8,3083.47,68,2180.21,4722.22,3174.16,70,2244.33,4861.11,16.2412,65.4341,11.4836,4544.03,29657.3,172.104,20969.6,11951.6,29657.3,25.0835,20969.6,0.211884,0.00499296,0.937478,0.00511671,0.934773
FITBolasso_network_L1600_M115_support100.1_1.27e-07,492.178,12.5946,348.001,874.622,3083.47,68,2180.21,4722.22,3174.16,70,2244.33,4861.11,590.542,11.6845,417.551,811.426,30692.2,15.2464,21701.3,1058.78,30692.2,25.0835,21701.3,0.204784,0.165402,0.183619,0.186047,0.166922
indegreeRandomFit_Bolasso_network_L1031_M115_support98.1_2.01e-03,1102.65,22.8953,779.642,1589.95,3083.47,68,2180.21,4722.22,3174.16,70,2244.33,4861.11,1182.41,23.0712,836.039,1602.17,31482.9,21.4178,22260.4,1487.35,31482.9,25.0835,22260.4,0.2934,0.360161,0.320745,0.372511,0.329588
FITBolasso_network_L1599_M115_support100.1_2.73e-06,1332.64,29.6572,942.259,2059.53,3083.47,68,2180.21,4722.22,3174.16,70,2244.33,4861.11,1358.43,30.6092,960.499,2125.64,31859.4,25.5294,22526.6,1772.88,31859.4,25.0835,22526.6,0.266474,0.431717,0.431325,0.427966,0.437274
FITBolasso_network_L666_M115_support93.8_4.60e-03,1183.09,24.9153,836.523,1730.23,3083.47,68,2180.21,4722.22,3174.16,70,2244.33,4861.11,1053.79,26.7228,745.096,1855.75,32653.7,20.9598,23088.2,1455.54,32653.7,25.0835,23088.2,0.237973,0.387871,0.365522,0.33199,0.381754
indegreeRandomFit_Bolasso_network_L1325_M115_support97.5_8.76e-04,991.757,20.9707,701.235,1456.3,3083.47,68,2180.21,4722.22,3174.16,70,2244.33,4861.11,940.259,22.3616,664.823,1552.89,33433.7,19.5699,23639.7,1359.02,33433.7,25.0835,23639.7,0.22368,0.331246,0.305684,0.296223,0.319451
indegreeRandomFit_Bolasso_network_L1031_M115_support97.2_2.01e-03,1022.29,23.1555,722.822,1608.02,3083.47,68,2180.21,4722.22,3174.16,70,2244.33,4861.11,1046.48,23.8644,739.927,1657.25,33561.8,21.4321,23730.3,1488.34,33561.8,25.0835,23730.3,0.293127,0.317634,0.34811,0.329687,0.34092
FITBotlsco_network_L1155_M115_support93.3_8.12e-03,610.249,14.1025,431.485,979.34,3083.47,68,2180.21,4722.22,3174.16,70,2244.33,4861.11,642.491,14.2913,454.282,992.454,36155.2,15.5583,25564,1080.44,36155.2,25.0835,25564,0.27501,0.202688,0.20393,0.202413,0.204162
FITBolasso_network_L1145_M115_support97.5_1.52e-03,1186.45,26.7794,838.898,1859.68,3083.47,68,2180.21,4722.22,3174.16,70,2244.33,4861.11,1206.98,27.6401,853.412,1919.45,37061.6,22.633,26204.9,1571.74,37061.6,25.0835,26204.9,0.243997,0.359109,0.398663,0.380252,0.394859
indegreeRandomFit_Bolasso_network_L1031_M115_support97.2_2.01e-03,923.496,20.6871,652.97,1436.61,3083.47,68,2180.21,4722.22,3174.16,70,2244.33,4861.11,952.568,21.2604,673.526,1476.41,41561.3,20.8319,29386.5,1446.66,41561.3,25.0835,29386.5,0.267532,0.288913,0.299135,0.300101,0.30372
indegreeRandomFit_Bolasso_network_L1253_M115_support97.6_1.16e-03,915.77,21.4933,647.507,1492.59,3083.47,68,2180.21,4722.22,3174.16,70,2244.33,4861.11,1034.88,21.0779,731.728,1463.74,41894.8,20.0962,29622.3,1395.57,41894.8,25.0835,29622.3,0.217076,0.279095,0.314217,0.326034,0.301113
FITBotlsco_network_L1438_M115_support98.1_2.70e-03,709.583,14.973,501.72,1039.79,3083.47,68,2180.21,4722.22,3174.16,70,2244.33,4861.11,659.725,16.4091,466.467,1139.52,43830.7,15.3297,30991.1,1064.56,43830.7,25.0835,30991.1,0.284431,0.235834,0.221532,0.207842,0.234415
indegreeRandomFit_Bolasso_network_L1145_M115_support98.4_1.52e-03,1099.79,24.9527,777.621,1732.82,3083.47,68,2180.21,4722.22,3174.16,70,2244.33,4861.11,1211.71,24.9226,856.754,1730.74,44656,21.7632,31574.6,1511.33,44656,25.0835,31574.6,0.277202,0.335611,0.369234,0.381741,0.356037
FITBolasso_network_L785_M115_support96.6_3.49e-03,1156.05,25.2156,817.402,1751.08,3083.47,68,2180.21,4722.22,3174.16,70,2244.33,4861.11,1242.59,25.6285,878.593,1779.76,47508.2,20.7501,33591.3,1440.98,47508.2,25.0835,33591.3,0.249954,0.402476,0.369625,0.391472,0.366121
FITBolasso_network_L1325_M115_support98.9_8.76e-04,1293.83,27.641,914.822,1919.51,3083.47,68,2180.21,4722.22,3174.16,70,2244.33,4861.11,1236.59,28.9964,874.347,2013.64,47975.1,22.8843,33921.4,1589.18,47975.1,25.0835,33921.4,0.276835,0.421086,0.404372,0.38958,0.414234
FITBolasso_network_L1253_M115_support97.6_1.16e-03,1216.15,25.9799,859.898,1804.16,3083.47,68,2180.21,4722.22,3174.16,70,2244.33,4861.11,1306.53,26.3427,923.802,1829.35,49036.5,21.6517,34671.9,1503.59,49036.5,25.0835,34671.9,0.200738,0.397116,0.37239,0.411615,0.376324
indegreeRandomFit_Bolasso_network_L1031_M115_support97.2_2.01e-03,958.884,20.3014,677.992,1409.82,3083.47,68,2180.21,4722.22,3174.16,70,2244.33,4861.11,997.574,20.7595,705.348,1441.63,58163.4,18.7482,41125.2,1301.96,58163.4,25.0835,41125.2,0.243764,0.323199,0.280764,0.31428,0.296564
indegreeRandomFit_Bolasso_network_L1253_M115_support98.7_1.16e-03,1193.21,24.4811,843.674,1700.07,3083.47,68,2180.21,4722.22,3174.16,70,2244.33,4861.11,1189.93,25.5977,841.355,1777.62,58484.7,23.1726,41352.4,1609.21,58484.7,25.0835,41352.4,0.341874,0.386923,0.35714,0.374879,0.365681
FITBolsco_network_L383_M115_support76.1_2.84e-02,807.489,16.6041,570.946,1153.06,3083.47,68,2180.21,4722.22,3174.16,70,2244.33,4861.11,827.412,17.0893,585.033,1186.75,61951.3,16.1947,43803.5,1124.63,61951.3,25.0835,43803.5,0.229941,0.273197,0.241511,0.260671,0.244132
FITBolsco_network_L1370_M115_support98.5_3.11e-03,879.695,20.3549,622,1413.54,3083.47,68,2180.21,4722.22,3174.16,70,2244.33,4861.11,903.083,20.9698,638.537,1456.23,64538.6,19.2086,45632.9,1333.93,64538.6,25.0835,45632.9,0.271379,0.296352,0.301546,0.284511,0.299568
FITBolsco_network_L79_M115_support10.2_1.13e-01,716.939,15.5756,506.922,1081.64,3083.47,68,2180.21,4722.22,3174.16,70,2244.33,4861.11,731.616,16.0578,517.299,1115.13,67945.6,17.288,48041.9,1200.55,67945.6,25.0835,48041.9,0.315835,0.219149,0.241615,0.230491,0.229397
FITBolsco_network_L1599_M115_support100.1_1.47e-06,766.995,15.1179,542.314,1049.86,3083.47,68,2180.21,4722.22,3174.16,70,2244.33,4861.11,696.814,16.4857,492.692,1144.84,68945.6,13.334,48748.9,925.972,68945.6,25.0835,48748.9,0.149307,0.244407,0.21598,0.219527,0.23551
indegreeRandomFit_Bolasso_network_L1253_M115_support97.6_1.16e-03,988.8,22.2548,699.144,1545.47,3083.47,68,2180.21,4722.22,3174.16,70,2244.33,4861.11,938.303,23.8881,663.44,1658.89,70190.8,22.1222,49629.4,1536.26,70190.8,25.0835,49629.4,0.217993,0.348544,0.304565,0.295607,0.341258
FITBotlsco_network_L1257_M115_support95.1_6.16e-03,620.357,14.2718,438.632,991.094,3083.47,68,2180.21,4722.22,3174.16,70,2244.33,4861.11,653.122,14.4629,461.798,1004.36,72774.7,15.6352,51456.3,1085.78,72774.7,25.0835,51456.3,0.0763923,0.20681,0.207402,0.205762,0.206612
FITBotlsco_network_L1393_M115_support97.4_3.55e-03,700.301,14.437,495.157,1002.57,3083.47,68,2180.21,4722.22,3174.16,70,2244.33,4861.11,640.852,15.9308,453.123,1106.3,74992.3,14.4421,53024.3,1002.93,74992.3,25.0835,53024.3,0.239904,0.229753,0.214712,0.201896,0.227583
indegreeRandomFit_Bolasso_network_L1031_M115_support98.1_2.01e-03,1010.47,23.4837,714.464,1630.81,3083.47,68,2180.21,4722.22,3174.16,70,2244.33,4861.11,1036.5,24.2002,732.873,1680.57,75005.1,23.4004,53033.4,1625.03,75005.1,25.0835,53033.4,0.272072,0.303501,0.34762,0.326544,0.345717
indegreeRandomFit_Bolasso_network_L1253_M115_support98.7_1.16e-03,1097.33,22.8149,775.879,1584.37,3083.47,68,2180.21,4722.22,3174.16,70,2244.33,4861.11,1174.48,23.0019,830.43,1597.35,79428.6,21.0114,56161.1,1459.12,79428.6,25.0835,56161.1,0.328515,0.304821,0.348161,0.370012,0.328598
FITBolsco_network_L79_M115_support18.1_1.13e-01,743.757,17.3021,525.884,1201.54,3083.47,68,2180.21,4722.22,3174.16,70,2244.33,4861.11,759.125,17.8783,536.75,1241.55,80510.6,18.4784,56926.1,1283.22,80510.6,25.0835,56926.1,0.159809,0.256581,0.250119,0.239158,0.255405
FITBotlsco_network_L1340_M115_support96.4_4.68e-03,710.86,14.2499,502.624,989.577,3083.47,68,2180.21,4722.22,3174.16,70,2244.33,4861.11,632.099,16.0376,446.934,1113.72,87337.4,14.6136,61753.1,1014.83,87337.4,25.0835,61753.1,0.236372,0.250163,0.200925,0.199139,0.229109
FITBolasso_network_L1253_M115_support98.7_1.16e-03,1236.74,27.3809,874.455,1901.45,3083.47,68,2180.21,4722.22,3174.16,70,2244.33,4861.11,1355.56,27.6887,958.467,1922.83,93046,22.9201,65789.4,1591.67,93046,25.0835,65789.4,0.274714,0.392865,0.402411,0.427061,0.395553
FITBolasso_network_L1253_M115_support98.7_1.16e-03,1236.74,27.3809,874.455,1901.45,3083.47,68,2180.21,4722.22,3174.16,70,2244.33,4861.11,1355.56,27.6887,958.467,1922.83,93046,22.9201,65789.4,1591.67,93046,25.0835,65789.4,0.274714,0.392865,0.402411,0.427061,0.395553
FITBolasso_network_L1384_M115_support99.1_6.65e-04,1194.74,26.4588,844.757,1837.42,3083.47,68,2180.21,4722.22,3174.16,70,2244.33,4861.11,1304.45,26.755,922.329,1857.98,106300,22.2847,75161,1547.55,106300,25.0835,75161,0.19182,0.362137,0.392813,0.410959,0.382214
FITBolsco_network_L1423_M115_support98.9_2.36e-03,906.012,20.467,640.608,1421.32,3083.47,68,2180.21,4722.22,3174.16,70,2244.33,4861.11,973.942,20.6338,688.639,1432.9,113381,19.0754,80167.6,1324.68,113381,25.0835,80167.6,0.206516,0.313649,0.299142,0.306835,0.294768
indegreeRandomFit_Bolasso_network_L1253_M115_support97.6_1.16e-03,1074.66,24.2724,759.85,1685.58,3083.47,68,2180.21,4722.22,3174.16,70,2244.33,4861.11,1051.46,25.5331,743.45,1773.13,129905,22.7533,91851.1,1580.09,129905,25.0835,91851.1,0.204198,0.321244,0.369227,0.331256,0.364758
indegreeRandomFit_Bolasso_network_L1325_M115_support97.5_8.76e-04,1039.25,20.9014,734.813,1451.48,3083.47,68,2180.21,4722.22,3174.16,70,2244.33,4861.11,1030.03,21.9675,728.3,1525.52,136710,19.7585,96662.4,1372.12,136710,25.0835,96662.4,0.145389,0.339515,0.305385,0.324506,0.313821
FITBolsco_network_L151_M115_support64_6.50e-02,1003.08,20.5214,709.241,1425.09,3083.47,68,2180.21,4722.22,3174.16,70,2244.33,4861.11,875.042,22.7141,618.71,1577.37,139742,18.758,98806.4,1302.64,139742,25.0835,98806.4,0.304429,0.333878,0.305867,0.275677,0.324487
indegreeRandomFit_Bolasso_network_L1145_M115_support98.4_1.52e-03,1136.01,24.5223,803.23,1702.94,3083.47,68,2180.21,4722.22,3174.16,70,2244.33,4861.11,1049.73,26.4632,742.225,1837.72,150132,23.6336,106153,1641.22,150132,25.0835,106153,0.219848,0.380107,0.344975,0.33071,0.378046
FITBotlsco_network_L374_M115_support62.6_4.25e-02,640.765,12.4491,453.062,864.518,3083.47,68,2180.21,4722.22,3174.16,70,2244.33,4861.11,532.822,14.7418,376.739,1023.73,152259,13.9252,107657,967.03,152259,25.0835,107657,0.173645,0.212641,0.183657,0.167862,0.210596
indegreeRandomFit_Bolasso_network_L1031_M115_support98.1_2.01e-03,1043.18,23.9582,737.598,1663.76,3083.47,68,2180.21,4722.22,3174.16,70,2244.33,4861.11,1180.29,23.5579,834.542,1635.96,153147,22.4083,108285,1556.13,153147,25.0835,108285,0.283973,0.317957,0.358585,0.371844,0.336541
complimentRandomFit_Bolasso_network_L1145_M115_support98.4_1.52e-03,1253.05,27.3248,885.983,1897.55,3083.47,68,2180.21,4722.22,3174.16,70,2244.33,4861.11,1298.99,27.9796,918.468,1943.03,158607,24.7291,112145,1717.3,158607,25.0835,112145,0.0575821,0.398029,0.407975,0.409239,0.399708
FITBolsco_network_L1519_M115_support96.7_1.03e-03,985.317,20.3689,696.682,1414.51,3083.47,68,2180.21,4722.22,3174.16,70,2244.33,4861.11,904.539,21.9389,639.566,1523.54,172567,18.4723,122016,1282.8,172567,25.0835,122016,0.219652,0.329671,0.304661,0.284969,0.313413
FITBolsco_network_L1202_M115_support97.1_5.41e-03,939.877,21.1684,664.552,1470.03,3083.47,68,2180.21,4722.22,3174.16,70,2244.33,4861.11,916.07,22.33,647.72,1550.7,180494,19.3197,127621,1341.65,180494,25.0835,127621,0.169494,0.339127,0.303032,0.288602,0.319
FITBotlsco_network_L741_M115_support82.5_1.86e-02,609.934,12.4205,431.262,862.532,3083.47,68,2180.21,4722.22,3174.16,70,2244.33,4861.11,630.323,12.7213,445.679,883.422,191745,13.129,135576,911.734,191745,25.0835,135576,0.327954,0.208476,0.177649,0.198579,0.181732
complimentRandomFit_Bolasso_network_L1145_M115_support98.4_1.52e-03,1217.23,25.8204,860.662,1793.09,3083.47,68,2180.21,4722.22,3174.16,70,2244.33,4861.11,1229.84,26.7496,869.575,1857.61,192787,22.282,136313,1547.36,192787,25.0835,136313,0.11592,0.388901,0.372647,0.387454,0.382137
FITBolsco_network_L109_M115_support46.5_8.57e-02,867.641,18.0174,613.477,1251.2,3083.47,68,2180.21,4722.22,3174.16,70,2244.33,4861.11,775.166,20.039,548.091,1391.6,217591,18.672,153851,1296.67,217591,25.0835,153851,0.18794,0.2884,0.262156,0.244211,0.286271
FITBotlsco_network_L59_M115_support4.4_2.23e-01,6.04271,66.6406,4.27258,4627.82,3083.47,68,2180.21,4722.22,3174.16,70,2244.33,4861.11,6.21855,68.6006,4.39691,4763.93,239314,98.0954,169210,6812.18,239314,25.0835,169210,0.0463828,0.00146869,0.973684,0.00195912,0.980008
FITBolsco_network_L499_M115_support85.7_2.15e-02,715.751,17.2763,506.082,1199.75,3083.47,68,2180.21,4722.22,3174.16,70,2244.33,4861.11,727.025,17.8934,514.053,1242.59,241270,17.6499,170593,1225.69,241270,25.0835,170593,0.257927,0.236448,0.255315,0.229045,0.255619
FITBolsco_network_L151_M115_support38.6_6.50e-02,767.803,15.8013,542.885,1097.31,3083.47,68,2180.21,4722.22,3174.16,70,2244.33,4861.11,676.736,17.7568,478.495,1233.11,246940,15.2636,174602,1059.97,246940,25.0835,174602,0.255989,0.229763,0.249034,0.213202,0.253669
FITBotlsco_network_L170_M115_support26.4_9.74e-02,726.209,14.2424,513.476,989.054,3083.47,68,2180.21,4722.22,3174.16,70,2244.33,4861.11,735.302,14.7839,519.905,1026.66,255519,14.3278,180668,994.983,255519,25.0835,180668,0.114291,0.241207,0.209009,0.231652,0.211199
FITBolsco_network_L206_M115_support54.8_4.93e-02,735.75,15.101,520.222,1048.68,3083.47,68,2180.21,4722.22,3174.16,70,2244.33,4861.11,701.597,16.2683,496.073,1129.74,260013,15.5035,183846,1076.63,260013,25.0835,183846,0.238701,0.255734,0.217483,0.221034,0.232404
indegreeRandomFit_Bolasso_network_L1145_M115_support97.5_1.52e-03,1077.7,22.7692,761.999,1581.2,3083.47,68,2180.21,4722.22,3174.16,70,2244.33,4861.11,1179.3,22.7787,833.837,1581.86,279840,19.8115,197864,1375.8,279840,25.0835,197864,0.153694,0.313373,0.34563,0.37153,0.32541
indegreeRandomFit_Bolasso_network_L1031_M115_support97.2_2.01e-03,1014.01,23.8019,716.97,1652.91,3083.47,68,2180.21,4722.22,3174.16,70,2244.33,4861.11,1138.21,23.0438,804.79,1600.26,284461,23.5809,201132,1637.56,284461,25.0835,201132,0.174143,0.315761,0.342642,0.358587,0.329197
FITBolasso_network_L567_M115_support93.2_6.06e-03,1109.21,24.6619,784.279,1712.63,3083.47,68,2180.21,4722.22,3174.16,70,2244.33,4861.11,1248.58,24.7087,882.827,1715.88,293572,20.8672,207574,1449.11,293572,25.0835,207574,0.214338,0.372439,0.352568,0.393358,0.352981
indegreeRandomFit_Bolasso_network_L1145_M115_support97.5_1.52e-03,1064.37,22.154,752.577,1538.47,3083.47,68,2180.21,4722.22,3174.16,70,2244.33,4861.11,1064.32,23.1339,752.544,1606.52,310850,19.9226,219791,1383.51,310850,25.0835,219791,0.0950715,0.344844,0.319543,0.335308,0.330485
FITBolsco_network_L1466_M115_support99.3_1.79e-03,980.779,20.057,693.473,1392.85,3083.47,68,2180.21,4722.22,3174.16,70,2244.33,4861.11,1023.95,20.4978,723.996,1423.46,326361,18.624,230758,1293.34,326361,25.0835,230758,0.197794,0.329175,0.297191,0.322589,0.292826
complimentRandomFit_Bolasso_network_L1031_M115_support97.2_2.01e-03,1082,23.8522,765.041,1656.4,3083.47,68,2180.21,4722.22,3174.16,70,2244.33,4861.11,1099.45,24.7134,777.383,1716.21,354448,20.5697,250617,1428.45,354448,25.0835,250617,0.188828,0.342031,0.346415,0.346376,0.353049
FITBolsco_network_L1568_M115_support96.9_4.51e-04,999.811,22.2664,706.93,1546.28,3083.47,68,2180.21,4722.22,3174.16,70,2244.33,4861.11,1038.96,22.8386,734.614,1586.01,384290,19.8554,271718,1378.85,384290,25.0835,271718,0.211462,0.341145,0.329763,0.327319,0.326266
FITBolsco_network_L109_M115_support21.7_8.57e-02,798.741,16.4019,564.76,1139.02,3083.47,68,2180.21,4722.22,3174.16,70,2244.33,4861.11,810.172,16.9851,572.843,1179.52,428633,17.9626,303070,1247.4,428633,25.0835,303070,0.212685,0.226618,0.265589,0.25524,0.242645
indegreeRandomFit_Bolasso_network_L1031_M115_support98.1_2.01e-03,1066.66,24.6488,754.198,1711.72,3083.47,68,2180.21,4722.22,3174.16,70,2244.33,4861.11,1084.96,25.5004,767.136,1770.86,453796,23.992,320863,1666.11,453796,25.0835,320863,0.304884,0.327407,0.36766,0.34181,0.364291
indegreeRandomFit_Bolasso_network_L1253_M115_support98.7_1.16e-03,1150.79,24.9623,813.683,1733.49,3083.47,68,2180.21,4722.22,3174.16,70,2244.33,4861.11,1127.18,26.2132,796.987,1820.36,468967,22.1403,331590,1537.52,468967,25.0835,331590,0.277291,0.384207,0.363362,0.355111,0.374475
complimentRandomFit_Bolasso_network_L1145_M115_support97.5_1.52e-03,1033.72,24.1197,730.906,1674.98,3083.47,68,2180.21,4722.22,3174.16,70,2244.33,4861.11,1020.36,25.4488,721.457,1767.28,469403,19.9785,331898,1387.4,469403,25.0835,331898,0.14261,0.343221,0.352597,0.321457,0.363555
indegreeRandomFit_Bolasso_network_L1253_M115_support98.7_1.16e-03,1072.8,22.4772,758.536,1560.91,3083.47,68,2180.21,4722.22,3174.16,70,2244.33,4861.11,1027.74,23.9338,726.679,1662.07,509330,20.3336,360129,1412.06,509330,25.0835,360129,0.146742,0.330428,0.33014,0.323784,0.341911
FITBolsco_network_L949_M115_support94.5_9.40e-03,929.739,20.8728,657.384,1449.5,3083.47,68,2180.21,4722.22,3174.16,70,2244.33,4861.11,992.61,21.1322,701.838,1467.51,509475,18.1556,360231,1260.81,509475,25.0835,360231,0.285946,0.344695,0.29749,0.312716,0.301888
complimentRandomFit_Bolasso_network_L1325_M115_support97.5_8.76e-04,90.498,132.826,63.9879,9224.03,3083.47,68,2180.21,4722.22,3174.16,70,2244.33,4861.11,2.19815,146.487,1.55423,10172.7,520642,191.928,368127,13328.4,520642,25.0835,368127,0.107459,0.000628205,2.12654,0.000692513,2.09267
FITBolsco_network_L1598_M115_support100.1_2.71e-06,883.159,20.329,624.45,1411.74,3083.47,68,2180.21,4722.22,3174.16,70,2244.33,4861.11,1006.54,20.0215,711.688,1390.38,540595,17.6552,382235,1226.06,540595,25.0835,382235,0.118631,0.301161,0.292517,0.317104,0.286021
indegreeRandomFit_Bolasso_network_L1031_M115_support97.2_2.01e-03,36.4184,209.124,25.7501,14522.5,3083.47,68,2180.21,4722.22,3174.16,70,2244.33,4861.11,7.40794,220.694,5.23788,15326,552438,435.836,390609,30266.4,552438,25.0835,390609,0.224768,0.00248069,3.14389,0.00233383,3.15277
indegreeRandomFit_Bolasso_network_L1145_M115_support98.4_1.52e-03,1141.88,25.096,807.384,1742.78,3083.47,68,2180.21,4722.22,3174.16,70,2244.33,4861.11,1087.79,26.6729,769.14,1852.28,565254,23.1088,399670,1604.77,565254,25.0835,399670,0.235707,0.340881,0.379643,0.342703,0.381041
complimentRandomFit_Bolasso_network_L1253_M115_support98.7_1.16e-03,1131.88,26.3491,800.311,1829.8,3083.47,68,2180.21,4722.22,3174.16,70,2244.33,4861.11,1121.49,27.5068,792.965,1910.2,643693,22.1767,455132,1540.05,643693,25.0835,455132,0.104917,0.360192,0.394275,0.353319,0.392955
FITBolasso_network_L1600_M115_support100.1_5.88e-07,868.251,17.6253,613.909,1223.98,3083.47,68,2180.21,4722.22,3174.16,70,2244.33,4861.11,905.618,17.9951,640.329,1249.66,667909,15.8998,472254,1104.16,667909,25.0835,472254,0.0990949,0.299141,0.252398,0.285309,0.257073
indegreeRandomFit_Bolasso_network_L1031_M115_support98.1_2.01e-03,1097.23,22.8701,775.812,1588.2,3083.47,68,2180.21,4722.22,3174.16,70,2244.33,4861.11,1062.26,24.1742,751.086,1678.77,679047,20.6373,480129,1433.15,679047,25.0835,480129,0.137529,0.339443,0.334189,0.334659,0.345346
FITBolsco_network_L649_M115_support87.3_1.63e-02,976.505,21.0685,690.451,1463.09,3083.47,68,2180.21,4722.22,3174.16,70,2244.33,4861.11,1040.22,21.3584,735.501,1483.22,679687,18.3304,480582,1272.95,679687,25.0835,480582,0.181487,0.299229,0.321662,0.327714,0.30512
FITBotlsco_network_L230_M115_support23.8_7.39e-02,606.135,11.9982,428.576,833.208,3083.47,68,2180.21,4722.22,3174.16,70,2244.33,4861.11,510.956,14.054,361.278,975.975,683193,12.8,483061,888.891,683193,25.0835,483061,-0.0513868,0.187707,0.179415,0.160973,0.200772
indegreeRandomFit_Bolasso_network_L1253_M115_support98.7_1.16e-03,1111.98,22.8517,786.242,1586.92,3083.47,68,2180.21,4722.22,3174.16,70,2244.33,4861.11,1109.51,23.8226,784.496,1654.35,688767,19.5501,487002,1357.65,688767,25.0835,487002,0.0861427,0.363865,0.331184,0.349545,0.340323
FITBolasso_network_L1325_M115_support97.5_8.76e-04,1081.83,24.4465,764.921,1697.67,3083.47,68,2180.21,4722.22,3174.16,70,2244.33,4861.11,1213.79,24.4375,858.228,1697.05,712530,20.7208,503804,1438.94,712530,25.0835,503804,0.103892,0.325381,0.361471,0.382398,0.349108
indegreeRandomFit_Bolasso_network_L1145_M115_support98.4_1.52e-03,1112.84,23.2559,786.848,1615,3083.47,68,2180.21,4722.22,3174.16,70,2244.33,4861.11,1129.08,24.0956,798.333,1673.3,759075,21.6999,536715,1506.94,759075,25.0835,536715,0.191519,0.367125,0.33352,0.355711,0.344223
indegreeRandomFit_Bolasso_network_L1031_M115_support97.2_2.01e-03,1089.57,23.1263,770.395,1606,3083.47,68,2180.21,4722.22,3174.16,70,2244.33,4861.11,1144.55,23.5184,809.268,1633.22,820788,22.7202,580349,1577.79,820788,25.0835,580349,0.182954,0.365068,0.328522,0.360583,0.335978
FITBolsco_network_L1556_M115_support96.9_5.94e-04,1042.71,21.7694,737.262,1511.77,3083.47,68,2180.21,4722.22,3174.16,70,2244.33,4861.11,1080.16,22.3388,763.743,1551.3,840316,19.2943,594157,1339.88,840316,25.0835,594157,0.13538,0.296263,0.342846,0.340299,0.319125
complimentRandomFit_Bolasso_network_L1031_M115_support97.2_2.01e-03,1258.37,27.0482,889.746,1878.35,3083.47,68,2180.21,4722.22,3174.16,70,2244.33,4861.11,1388.29,27.1303,981.608,1884.05,842819,23.0664,595926,1601.83,842819,25.0835,595926,0.158536,0.407771,0.390225,0.437372,0.387575
complimentRandomFit_Bolasso_network_L1145_M115_support98.4_1.52e-03,1165.23,24.7735,823.893,1720.38,3083.47,68,2180.21,4722.22,3174.16,70,2244.33,4861.11,1166,25.7606,824.437,1788.93,850462,19.9474,601330,1385.24,850462,25.0835,601330,0.150245,0.402287,0.355988,0.367342,0.368009
complimentRandomFit_Bolasso_network_L1253_M115_support97.6_1.16e-03,1293.68,28.1639,914.717,1955.82,3083.47,68,2180.21,4722.22,3174.16,70,2244.33,4861.11,1215.26,29.7722,859.267,2067.51,1013670,23.7724,716729,1650.86,1013670,25.0835,716729,0.128589,0.388428,0.423309,0.382861,0.425317
indegreeRandomFit_Bolasso_network_L1145_M115_support97.5_1.52e-03,902.273,20.864,637.964,1448.89,3083.47,68,2180.21,4722.22,3174.16,70,2244.33,4861.11,904.402,21.7694,639.47,1511.76,1029870,22.4303,728186,1557.66,1029870,25.0835,728186,0.248053,0.284894,0.295865,0.284926,0.310991
indegreeRandomFit_Bolasso_network_L1145_M115_support97.5_1.52e-03,1114.95,24.134,788.337,1675.98,3083.47,68,2180.21,4722.22,3174.16,70,2244.33,4861.11,1172.6,24.5975,829.106,1708.16,1044370,21.8479,738435,1517.21,1044370,25.0835,738435,0.178934,0.33106,0.357582,0.369422,0.351392
indegreeRandomFit_Bolasso_network_L1145_M115_support97.5_1.52e-03,1151.41,23.9674,814.117,1664.4,3083.47,68,2180.21,4722.22,3174.16,70,2244.33,4861.11,1060.68,26.0448,749.966,1808.67,1069750,22.351,756383,1552.15,1069750,25.0835,756383,0.216099,0.389419,0.348491,0.33416,0.372069
FITBolsco_network_L1598_M115_support100.1_1.86e-06,795.166,15.9941,562.233,1110.7,3083.47,68,2180.21,4722.22,3174.16,70,2244.33,4861.11,696.291,17.9797,492.322,1248.59,1134690,16.2247,802299,1126.72,1134690,25.0835,802299,0.0729018,0.25725,0.23331,0.219362,0.256853
indegreeRandomFit_Bolasso_network_L1253_M115_support98.7_1.16e-03,1016.66,23.3294,718.841,1620.1,3083.47,68,2180.21,4722.22,3174.16,70,2244.33,4861.11,1122.45,23.1914,793.643,1610.51,1211370,19.8941,856517,1381.54,1211370,25.0835,856517,0.271296,0.334139,0.330934,0.353621,0.331306
FITBotlsco_network_L230_M115_support65.1_7.39e-02,1350.74,29.4694,955.058,2046.49,3083.47,68,2180.21,4722.22,3174.16,70,2244.33,4861.11,1329.61,30.7883,940.117,2138.07,1230710,25.3391,870189,1759.66,1230710,25.0835,870189,0.27016,0.456738,0.433114,0.418884,0.439832
FITBolsco_network_L1598_M115_support100.1_4.54e-06,1031.44,23.4275,729.297,1626.91,3083.47,68,2180.21,4722.22,3174.16,70,2244.33,4861.11,1061.3,24.0961,750.409,1673.34,1233970,20.5137,872495,1424.56,1233970,25.0835,872495,0.106488,0.318207,0.346126,0.334357,0.344231
FITBolsco_network_L1519_M115_support99.7_1.03e-03,1129.59,25.6776,798.691,1783.17,3083.47,68,2180.21,4722.22,3174.16,70,2244.33,4861.11,1192.68,26.1903,843.301,1818.77,1246210,22.9505,881148,1593.79,1246210,25.0835,881148,0.19905,0.370416,0.377662,0.375747,0.374147
indegreeRandomFit_Bolasso_network_L1145_M115_support98.4_1.52e-03,1046.71,24.0294,740.087,1668.71,3083.47,68,2180.21,4722.22,3174.16,70,2244.33,4861.11,1108.64,24.3671,783.876,1692.16,1290100,20.5783,912182,1429.05,1290100,25.0835,912182,0.212451,0.3693,0.327514,0.349269,0.348101
FITBotlsco_network_L494_M115_support70.1_3.23e-02,632.801,12.4298,447.431,863.18,3083.47,68,2180.21,4722.22,3174.16,70,2244.33,4861.11,652.678,12.754,461.485,885.695,1469650,12.7397,1039130,884.702,1469650,25.0835,1039130,0.0388976,0.164991,0.209676,0.205622,0.1822
FITBolsco_network_L275_M115_support67.4_3.74e-02,781.465,18.9946,552.545,1319.07,3083.47,68,2180.21,4722.22,3174.16,70,2244.33,4861.11,781.864,19.8251,552.827,1376.75,1496620,19.0487,1058200,1322.83,1496620,25.0835,1058200,0.126149,0.254231,0.285736,0.246321,0.283216
FITBolsco_network_L275_M115_support74.9_3.74e-02,822.713,16.6247,581.711,1154.49,3083.47,68,2180.21,4722.22,3174.16,70,2244.33,4861.11,796.397,17.6729,563.103,1227.28,1631910,16.1491,1153860,1121.46,1631910,25.0835,1153860,0.119463,0.284679,0.238242,0.2509,0.25247
indegreeRandomFit_Bolasso_network_L1253_M115_support97.6_1.16e-03,1025.21,23.5305,724.887,1634.06,3083.47,68,2180.21,4722.22,3174.16,70,2244.33,4861.11,1107.16,23.7508,782.831,1649.36,1634320,21.1924,1155570,1471.69,1634320,25.0835,1155570,0.14813,0.312032,0.345084,0.348803,0.339297
FITBolasso_network_L1599_M115_support97.1_5.88e-06,1045.32,22.6686,739.111,1574.21,3083.47,68,2180.21,4722.22,3174.16,70,2244.33,4861.11,1142.16,22.8303,807.58,1585.44,1810160,20.5626,1279900,1427.96,1810160,25.0835,1279900,0.11635,0.35601,0.322842,0.359831,0.326147
FITBolasso_network_L1599_M115_support97.1_2.73e-06,1038.56,22.6583,734.33,1573.49,3083.47,68,2180.21,4722.22,3174.16,70,2244.33,4861.11,1150.53,22.7034,813.5,1576.63,1818270,20.5195,1285630,1424.96,1818270,25.0835,1285630,0.126246,0.362719,0.319509,0.362469,0.324335
FITBolasso_network_L1600_M115_support97.1_1.27e-06,1038.56,22.6583,734.33,1573.49,3083.47,68,2180.21,4722.22,3174.16,70,2244.33,4861.11,1150.53,22.7034,813.5,1576.63,1818270,20.5195,1285630,1424.96,1818270,25.0835,1285630,0.126246,0.362719,0.319509,0.362469,0.324335
FITBolasso_network_L1600_M115_support97.1_1.27e-07,1049.79,22.7936,742.268,1582.89,3083.47,68,2180.21,4722.22,3174.16,70,2244.33,4861.11,1065.68,23.5521,753.502,1635.56,1850730,20.496,1308580,1423.33,1850730,25.0835,1308580,0.0887417,0.363676,0.323911,0.335735,0.336459
FITBolasso_network_L1600_M115_support97.1_2.73e-07,1049.79,22.7936,742.268,1582.89,3083.47,68,2180.21,4722.22,3174.16,70,2244.33,4861.11,1065.68,23.5521,753.502,1635.56,1850730,20.496,1308580,1423.33,1850730,25.0835,1308580,0.0887417,0.363676,0.323911,0.335735,0.336459
FITBolasso_network_L1600_M115_support97.1_5.88e-07,1049.79,22.7936,742.268,1582.89,3083.47,68,2180.21,4722.22,3174.16,70,2244.33,4861.11,1065.68,23.5521,753.502,1635.56,1850730,20.496,1308580,1423.33,1850730,25.0835,1308580,0.0887417,0.363676,0.323911,0.335735,0.336459
FITBolasso_network_L1595_M115_support97.1_1.27e-05,1049.22,22.7712,741.865,1581.33,3083.47,68,2180.21,4722.22,3174.16,70,2244.33,4861.11,1184.87,22.6908,837.781,1575.75,1901800,20.2335,1344690,1405.1,1901800,25.0835,1344690,0.107988,0.367648,0.320603,0.373287,0.324154
indegreeRandomFit_Bolasso_network_L1031_M115_support97.2_2.01e-03,1152.83,23.49,815.123,1631.25,3083.47,68,2180.21,4722.22,3174.16,70,2244.33,4861.11,1059.41,25.5912,749.073,1777.17,1902980,23.5508,1345530,1635.47,1902980,25.0835,1345530,0.239294,0.370884,0.340922,0.333762,0.365589
complimentRandomFit_Bolasso_network_L1253_M115_support97.6_1.16e-03,1018.6,23.045,720.212,1600.35,3083.47,68,2180.21,4722.22,3174.16,70,2244.33,4861.11,1022.73,23.9362,723.136,1662.24,1934840,20.3079,1368060,1410.27,1934840,25.0835,1368060,0.0812656,0.314403,0.354543,0.322205,0.341946
FITBolsco_network_L1095_M115_support96_7.13e-03,842.49,19.2817,595.694,1339,3083.47,68,2180.21,4722.22,3174.16,70,2244.33,4861.11,842.945,20.1179,596.016,1397.07,1970640,18.523,1393370,1286.32,1970640,25.0835,1393370,0.243206,0.288323,0.279433,0.265565,0.287398
FITBolasso_network_L1031_M115_support97.2_2.01e-03,1115.14,24.4645,788.478,1698.92,3083.47,68,2180.21,4722.22,3174.16,70,2244.33,4861.11,1196.69,24.8567,846.134,1726.16,2151910,20.4991,1521530,1423.55,2151910,25.0835,1521530,0.150137,0.379619,0.361931,0.377009,0.355095
complimentRandomFit_Bolasso_network_L1145_M115_support98.4_1.52e-03,1272.41,27.3137,899.674,1896.78,3083.47,68,2180.21,4722.22,3174.16,70,2244.33,4861.11,1241.31,28.5813,877.682,1984.81,2238800,22.4898,1582970,1561.79,2238800,25.0835,1582970,0.0948987,0.426024,0.401188,0.391066,0.408305
FITBolsco_network_L649_M115_support89.5_1.63e-02,54.6222,123.809,38.6214,8597.87,3083.47,68,2180.21,4722.22,3174.16,70,2244.33,4861.11,8.67471,134.462,6.13357,9337.67,2248870,301.929,1590090,20967.3,2248870,25.0835,1590090,0.265536,0.00271554,1.91003,0.00273291,1.92089
indegreeRandomFit_Bolasso_network_L1031_M115_support98.1_2.01e-03,1102.33,23.1517,779.419,1607.75,3083.47,68,2180.21,4722.22,3174.16,70,2244.33,4861.11,999.281,25.0821,706.555,1741.81,2344270,20.4312,1657550,1418.83,2344270,25.0835,1657550,0.218032,0.365688,0.323011,0.314817,0.358316
indegreeRandomFit_Bolasso_network_L1031_M115_support98.1_2.01e-03,1219.47,25.9997,862.244,1805.54,3083.47,68,2180.21,4722.22,3174.16,70,2244.33,4861.11,1158.34,27.5952,819.019,1916.33,2377510,20.8455,1681050,1447.61,2377510,25.0835,1681050,0.142366,0.405155,0.374214,0.364928,0.394217
FITBolsco_network_L803_M115_support90.3_1.24e-02,883.162,17.4748,624.452,1213.53,3083.47,68,2180.21,4722.22,3174.16,70,2244.33,4861.11,779.821,19.5749,551.383,1359.37,2571120,16.8096,1817950,1167.33,2571120,25.0835,1817950,0.288068,0.286768,0.25939,0.245678,0.279642
FITBolasso_network_L1486_M115_support97.1_3.82e-04,951.997,21.1039,673.123,1465.55,3083.47,68,2180.21,4722.22,3174.16,70,2244.33,4861.11,906.656,22.3491,641.063,1552.02,2758990,18.1317,1950780,1259.14,2758990,25.0835,1950780,0.0643109,0.290184,0.318658,0.285636,0.319273
complimentRandomFit_Bolasso_network_L1145_M115_support98.4_1.52e-03,1182.61,24.6579,836.18,1712.35,3083.47,68,2180.21,4722.22,3174.16,70,2244.33,4861.11,1074.48,26.4965,759.725,1840.03,2786870,21.3787,1970490,1484.63,2786870,25.0835,1970490,0.138205,0.403875,0.359029,0.338508,0.378521
indegreeRandomFit_Bolasso_network_L1145_M115_support98.4_1.52e-03,1067.11,24.3983,754.511,1694.33,3083.47,68,2180.21,4722.22,3174.16,70,2244.33,4861.11,1085.37,25.2357,767.423,1752.48,3288160,22.2326,2324940,1543.93,3288160,25.0835,2324940,0.26855,0.318853,0.365649,0.341938,0.36051
complimentRandomFit_Bolasso_network_L1253_M115_support97.6_1.16e-03,1251.19,26.7755,884.673,1859.41,3083.47,68,2180.21,4722.22,3174.16,70,2244.33,4861.11,1286.18,27.5688,909.411,1914.5,3289500,22.7091,2325880,1577.02,3289500,25.0835,2325880,0.0580489,0.392601,0.394489,0.405203,0.393839
complimentRandomFit_Bolasso_network_L1031_M115_support98.1_2.01e-03,1286.5,27.6157,909.64,1917.75,3083.47,68,2180.21,4722.22,3174.16,70,2244.33,4861.11,1361.07,28.1199,962.36,1952.77,3525940,23.1112,2493060,1604.94,3525940,25.0835,2493060,0.133826,0.42887,0.396435,0.428795,0.401712
complimentRandomFit_Bolasso_network_L1145_M115_support98.4_1.52e-03,1089.74,22.3605,770.514,1552.82,3083.47,68,2180.21,4722.22,3174.16,70,2244.33,4861.11,1057.49,23.5965,747.71,1638.64,3609660,18.385,2552260,1276.74,3609660,25.0835,2552260,0.0731578,0.354655,0.328213,0.333155,0.337093
FITBolasso_network_L1591_M115_support97.1_2.73e-05,1016.23,22.4141,718.54,1556.54,3083.47,68,2180.21,4722.22,3174.16,70,2244.33,4861.11,987.443,23.5221,698.185,1633.48,3829340,20.3421,2707590,1412.65,3829340,25.0835,2707590,0.0742189,0.306129,0.33721,0.311088,0.33603
complimentRandomFit_Bolasso_network_L1325_M115_support97.5_8.76e-04,811.916,19.4986,574.076,1354.07,3083.47,68,2180.21,4722.22,3174.16,70,2244.33,4861.11,844.578,19.9447,597.17,1385.05,3834860,18.7841,2711490,1304.45,3834860,25.0835,2711490,0.0998843,0.264864,0.288562,0.266079,0.284924
complimentRandomFit_Bolasso_network_L1031_M115_support97.2_2.01e-03,1193.73,26.483,844.043,1839.09,3083.47,68,2180.21,4722.22,3174.16,70,2244.33,4861.11,1137.53,27.9887,804.307,1943.66,3839320,21.1894,2714640,1471.49,3839320,25.0835,2714640,0.0491105,0.355167,0.400099,0.358373,0.399839
complimentRandomFit_Bolasso_network_L1253_M115_support98.7_1.16e-03,1221.94,27.6436,863.992,1919.69,3083.47,68,2180.21,4722.22,3174.16,70,2244.33,4861.11,1170.42,29.11,827.559,2021.53,3886410,24.8013,2747940,1722.32,3886410,25.0835,2747940,0.0612227,0.403262,0.412561,0.368733,0.415857
complimentRandomFit_Bolasso_network_L1031_M115_support98.1_2.01e-03,1306.52,27.7647,923.791,1928.11,3083.47,68,2180.21,4722.22,3174.16,70,2244.33,4861.11,1219.33,29.7506,862.143,2066.01,4034250,25.7244,2852470,1786.42,4034250,25.0835,2852470,0.118976,0.431134,0.41812,0.384142,0.425008
indegreeRandomFit_Bolasso_network_L1145_M115_support97.5_1.52e-03,1140.68,25.1184,806.531,1744.33,3083.47,68,2180.21,4722.22,3174.16,70,2244.33,4861.11,1147.25,26.1079,811.181,1813.05,4059260,21.4058,2870160,1486.51,4059260,25.0835,2870160,0.107065,0.373478,0.353611,0.361435,0.37297
indegreeRandomFit_Bolasso_network_L1145_M115_support97.5_1.52e-03,1141.79,25.9766,807.32,1803.93,3083.47,68,2180.21,4722.22,3174.16,70,2244.33,4861.11,1298.19,25.5441,917.906,1773.89,4404800,23.8594,3114470,1656.9,4404800,25.0835,3114470,0.0736813,0.384169,0.364908,0.408988,0.364915
indegreeRandomFit_Bolasso_network_L1031_M115_support98.1_2.01e-03,1108.67,23.5004,783.898,1631.97,3083.47,68,2180.21,4722.22,3174.16,70,2244.33,4861.11,1209.52,23.5248,855.205,1633.67,4415240,21.431,3121850,1488.26,4415240,25.0835,3121850,0.226179,0.367424,0.339499,0.381051,0.336069
FITBolasso_network_L1031_M115_support97.2_2.01e-03,1247.96,28.3472,882.385,1968.56,3083.47,68,2180.21,4722.22,3174.16,70,2244.33,4861.11,1269.74,29.2647,897.79,2032.27,5152410,22.1727,3643080,1539.77,5152410,25.0835,3643080,0.0765173,0.408889,0.408807,0.400025,0.418068
FITBolasso_network_L1557_M115_support97_1.27e-04,945.133,21.2126,668.269,1473.09,3083.47,68,2180.21,4722.22,3174.16,70,2244.33,4861.11,1007.92,21.5307,712.667,1495.19,5520870,18.2095,3903610,1264.55,5520870,25.0835,3903610,0.0385698,0.290278,0.314409,0.31754,0.307581
FITBolsco_network_L1497_M115_support99.5_1.36e-03,999.66,22.4602,706.823,1559.74,3083.47,68,2180.21,4722.22,3174.16,70,2244.33,4861.11,1044.66,22.9732,738.64,1595.36,5715860,20.6917,4041480,1436.92,5715860,25.0835,4041480,0.0876782,0.329018,0.330189,0.329113,0.328189
complimentRandomFit_Bolasso_network_L1145_M115_support98.4_1.52e-03,1257.07,27.3545,888.831,1899.62,3083.47,68,2180.21,4722.22,3174.16,70,2244.33,4861.11,1167.88,29.0333,825.764,2016.2,5982320,22.8653,4229880,1587.87,5982320,25.0835,4229880,0.176665,0.401199,0.3907,0.367933,0.414762
complimentRandomFit_Bolasso_network_L1325_M115_support97.5_8.76e-04,1114.04,25.6075,787.7,1778.3,3083.47,68,2180.21,4722.22,3174.16,70,2244.33,4861.11,1201.1,25.877,849.256,1797.01,6042260,21.194,4272260,1471.8,6042260,25.0835,4272260,0.0528462,0.370947,0.374135,0.3784,0.369671
indegreeRandomFit_Bolasso_network_L1145_M115_support97.5_1.52e-03,1032.71,24.199,730.192,1680.49,3083.47,68,2180.21,4722.22,3174.16,70,2244.33,4861.11,1127.52,23.821,797.228,1654.23,6306190,24.4902,4458880,1700.7,6306190,25.0835,4458880,0.0547553,0.323918,0.358332,0.355218,0.3403
indegreeRandomFit_Bolasso_network_L1253_M115_support97.6_1.16e-03,935.925,22.2528,661.759,1545.33,3083.47,68,2180.21,4722.22,3174.16,70,2244.33,4861.11,1030.84,22.1071,728.872,1535.22,6374490,21.0605,4507170,1462.54,6374490,25.0835,4507170,0.05479,0.297182,0.329084,0.324761,0.315816
complimentRandomFit_Bolasso_network_L1253_M115_support97.6_1.16e-03,1118.71,22.6211,790.997,1570.91,3083.47,68,2180.21,4722.22,3174.16,70,2244.33,4861.11,984.42,25.1587,696.048,1747.14,6392390,20.1458,4519820,1399.02,6392390,25.0835,4519820,0.138328,0.36299,0.325886,0.310136,0.359411
FITBotlsco_network_L138_M115_support6_1.28e-01,584.601,11.7974,413.35,819.266,3083.47,68,2180.21,4722.22,3174.16,70,2244.33,4861.11,528.321,13.2273,373.556,918.565,6600020,12.5952,4666630,874.669,6600020,25.0835,4666630,0.0441091,0.192588,0.174153,0.166444,0.188962
indegreeRandomFit_Bolasso_network_L1253_M115_support97.6_1.16e-03,1050.02,24.0076,742.431,1667.2,3083.47,68,2180.21,4722.22,3174.16,70,2244.33,4861.11,1105.19,24.4658,781.442,1699.01,6791230,23.9148,4801830,1660.75,6791230,25.0835,4801830,0.0761788,0.358796,0.339462,0.348184,0.349511
indegreeRandomFit_Bolasso_network_L1031_M115_support97.2_2.01e-03,991.86,23.3102,701.308,1618.77,3083.47,68,2180.21,4722.22,3174.16,70,2244.33,4861.11,1102.2,22.8616,779.324,1587.61,7670920,22.3629,5423830,1552.98,7670920,25.0835,5423830,0.0518149,0.323184,0.339386,0.347241,0.326594
indegreeRandomFit_Bolasso_network_L1145_M115_support97.5_1.52e-03,1004.44,21.2207,710.205,1473.66,3083.47,68,2180.21,4722.22,3174.16,70,2244.33,4861.11,1045.96,21.68,739.557,1505.55,7798420,18.7203,5513980,1300.02,7798420,25.0835,5513980,0.00195831,0.319861,0.30725,0.329522,0.309714
FITBolasso_network_L1441_M115_support97.2_5.04e-04,1058.42,22.9837,748.369,1596.09,3083.47,68,2180.21,4722.22,3174.16,70,2244.33,4861.11,1115.76,23.4447,788.915,1628.1,8239460,19.8297,5825820,1377.06,8239460,25.0835,5825820,0.0508316,0.354766,0.336698,0.351514,0.334924
complimentRandomFit_Bolasso_network_L1253_M115_support98.7_1.16e-03,1267.29,28.0498,896.056,1947.9,3083.47,68,2180.21,4722.22,3174.16,70,2244.33,4861.11,1383.11,28.2659,977.947,1962.91,8423350,23.4246,5955840,1626.71,8423350,25.0835,5955840,0.0864898,0.390826,0.408589,0.43574,0.403799
FITBolasso_network_L1531_M115_support97_2.20e-04,937.569,21.076,662.921,1463.61,3083.47,68,2180.21,4722.22,3174.16,70,2244.33,4861.11,966.33,21.672,683.257,1505,8914930,18.2112,6303420,1264.67,8914930,25.0835,6303420,0.036415,0.290065,0.309499,0.304436,0.3096
FITBolsco_network_L1542_M115_support96.8_7.83e-04,958.062,21.6697,677.411,1504.84,3083.47,68,2180.21,4722.22,3174.16,70,2244.33,4861.11,986.015,22.2847,697.175,1547.55,9213090,20.0547,6514240,1392.69,9213090,25.0835,6514240,0.141583,0.31237,0.325383,0.310638,0.318353
indegreeRandomFit_Bolasso_network_L1145_M115_support98.4_1.52e-03,1090.37,25.2699,770.958,1754.85,3083.47,68,2180.21,4722.22,3174.16,70,2244.33,4861.11,1203.7,25.1532,851.089,1746.75,9368490,24.1645,6624120,1678.09,9368490,25.0835,6624120,0.339032,0.346635,0.36519,0.379217,0.359331
complimentRandomFit_Bolasso_network_L1031_M115_support98.1_2.01e-03,1180.68,24.7524,834.819,1718.91,3083.47,68,2180.21,4722.22,3174.16,70,2244.33,4861.11,1141.12,25.9881,806.847,1804.73,9851110,19.9211,6965360,1383.41,9851110,25.0835,6965360,0.119159,0.379404,0.371127,0.359504,0.371258
complimentRandomFit_Bolasso_network_L1253_M115_support98.7_1.16e-03,1161.16,24.4357,821.015,1696.92,3083.47,68,2180.21,4722.22,3174.16,70,2244.33,4861.11,1119.99,25.7115,791.905,1785.52,9875510,19.6386,6982610,1363.79,9875510,25.0835,6982610,0.125443,0.382843,0.344224,0.352846,0.367308
FITBotlsco_network_L907_M115_support87.4_1.41e-02,658.904,13.8605,465.887,962.538,3083.47,68,2180.21,4722.22,3174.16,70,2244.33,4861.11,670.671,14.3494,474.207,996.485,10579800,15.1375,7480560,1051.22,10579800,25.0835,7480560,-0.00551568,0.234416,0.196206,0.211291,0.204991
FITBotlsco_network_L616_M115_support76.4_2.45e-02,598.097,12.5531,422.893,871.74,3083.47,68,2180.21,4722.22,3174.16,70,2244.33,4861.11,507.121,14.4984,358.566,1006.83,10946300,13.0058,7739710,903.181,10946300,25.0835,7739710,0.103142,0.160681,0.207657,0.159765,0.207119
FITBolasso_network_L1583_M115_support97.1_5.88e-05,977.822,21.4205,691.382,1487.54,3083.47,68,2180.21,4722.22,3174.16,70,2244.33,4861.11,1009.15,22.0053,713.536,1528.14,11412400,19.5353,8069320,1356.62,11412400,25.0835,8069320,0.0107803,0.29549,0.326797,0.317928,0.314361
indegreeRandomFit_Bolasso_network_L1253_M115_support97.6_1.16e-03,1136.09,25.3865,803.287,1762.95,3083.47,68,2180.21,4722.22,3174.16,70,2244.33,4861.11,1101.86,26.9615,779.085,1872.33,11583800,25.2506,8190490,1753.51,11583800,25.0835,8190490,0.0227688,0.377392,0.366701,0.347134,0.385164
indegreeRandomFit_Bolasso_network_L1253_M115_support98.7_1.16e-03,1173.04,26.7705,829.417,1859.06,3083.47,68,2180.21,4722.22,3174.16,70,2244.33,4861.11,1237.77,27.262,875.185,1893.2,13408500,23.6736,9480640,1644,13408500,25.0835,9480640,0.228035,0.361851,0.39339,0.389953,0.389458
complimentRandomFit_Bolasso_network_L1031_M115_support98.1_2.01e-03,1221.79,26.2605,863.883,1823.65,3083.47,68,2180.21,4722.22,3174.16,70,2244.33,4861.11,1264.19,26.9769,893.864,1873.4,14288800,21.2895,10103100,1478.43,14288800,25.0835,10103100,0.166657,0.374404,0.389128,0.398276,0.385385
complimentRandomFit_Bolasso_network_L1031_M115_support98.1_2.01e-03,1071.64,25.0913,757.718,1742.45,3083.47,68,2180.21,4722.22,3174.16,70,2244.33,4861.11,1149.59,25.3713,812.835,1761.9,16528400,21.1742,11686600,1470.43,16528400,25.0835,11686600,0.0906102,0.3537,0.376227,0.362172,0.362447
indegreeRandomFit_Bolasso_network_L1031_M115_support98.1_2.01e-03,1089.67,24.5587,770.467,1705.46,3083.47,68,2180.21,4722.22,3174.16,70,2244.33,4861.11,1087.24,25.6161,768.746,1778.9,17340700,21.2913,12261000,1478.57,17340700,25.0835,12261000,0.206718,0.331556,0.360923,0.342528,0.365945
complimentRandomFit_Bolasso_network_L1031_M115_support97.2_2.01e-03,1183.52,24.5186,836.821,1702.68,3083.47,68,2180.21,4722.22,3174.16,70,2244.33,4861.11,1090.21,26.5383,770.847,1842.94,17767100,20.8717,12562500,1449.42,17767100,25.0835,12562500,0.13529,0.37288,0.351588,0.343464,0.379118
FITBolsco_network_L499_M115_support82.5_2.15e-02,936.688,19.096,662.298,1326.11,3083.47,68,2180.21,4722.22,3174.16,70,2244.33,4861.11,977.27,19.5042,690.992,1354.46,19892500,18.0294,14065200,1252.04,19892500,25.0835,14065200,0.13431,0.325222,0.277181,0.307883,0.278631
complimentRandomFit_Bolasso_network_L1253_M115_support98.7_1.16e-03,1175.9,24.3498,831.437,1690.96,3083.47,68,2180.21,4722.22,3174.16,70,2244.33,4861.11,1203.35,25.1102,850.844,1743.76,20358200,21.2215,14394500,1473.71,20358200,25.0835,14394500,0.100545,0.387066,0.35541,0.379107,0.358717
FITBolasso_network_L1325_M115_support97.5_8.76e-04,1147.09,23.9333,811.063,1662.03,3083.47,68,2180.21,4722.22,3174.16,70,2244.33,4861.11,1172.52,24.6891,829.048,1714.52,27040200,20.5327,19119100,1425.88,27040200,25.0835,19119100,0.101584,0.360259,0.355988,0.369396,0.352702
indegreeRandomFit_Bolasso_network_L1031_M115_support98.1_2.01e-03,1179.32,24.2654,833.852,1685.1,3083.47,68,2180.21,4722.22,3174.16,70,2244.33,4861.11,1239.28,24.725,876.25,1717.02,28558800,22.2359,20192900,1544.16,28558800,25.0835,20192900,0.234799,0.388449,0.350149,0.390428,0.353215
FITBotlsco_network_L59_M115_support6.7_2.23e-01,56.5259,64.2487,39.9674,4461.71,3083.47,68,2180.21,4722.22,3174.16,70,2244.33,4861.11,6.87502,68.9342,4.86108,4787.1,31779800,92.8071,22470300,6444.93,31779800,25.0835,22470300,0.0214731,0.00153105,0.974329,0.00216593,0.984775
indegreeRandomFit_Bolasso_network_L1145_M115_support98.4_1.52e-03,1139.55,26.8245,805.737,1862.81,3083.47,68,2180.21,4722.22,3174.16,70,2244.33,4861.11,1230.74,26.9822,870.212,1873.77,32476200,25.0881,22962800,1742.23,32476200,25.0835,22962800,0.154979,0.366868,0.390882,0.387737,0.38546
complimentRandomFit_Bolasso_network_L1253_M115_support98.7_1.16e-03,1255.75,25.9438,887.896,1801.65,3083.47,68,2180.21,4722.22,3174.16,70,2244.33,4861.11,1250.91,27.0574,884.471,1878.99,34495000,22.5184,24390100,1563.78,34495000,25.0835,24390100,0.0737754,0.425655,0.376028,0.394091,0.386534
FITBolasso_network_L1600_M115_support100.1_1.27e-06,985.208,23.0965,696.605,1603.93,3083.47,68,2180.21,4722.22,3174.16,70,2244.33,4861.11,1003.29,23.8627,709.391,1657.13,35179800,19.1932,24874400,1332.86,35179800,25.0835,24874400,0.0854232,0.311422,0.336369,0.316081,0.340895
complimentRandomFit_Bolasso_network_L1031_M115_support97.2_2.01e-03,1090.14,25.0969,770.797,1742.84,3083.47,68,2180.21,4722.22,3174.16,70,2244.33,4861.11,1082.18,26.2015,765.172,1819.55,37994900,22.4413,26864800,1558.42,37994900,25.0835,26864800,0.168344,0.34592,0.371033,0.340935,0.374307
indegreeRandomFit_Bolasso_network_L1031_M115_support97.2_2.01e-03,980.84,23.2981,693.516,1617.93,3083.47,68,2180.21,4722.22,3174.16,70,2244.33,4861.11,1146.41,22.4109,810.585,1556.31,38708200,21.1819,27369100,1470.97,38708200,25.0835,27369100,0.165815,0.317757,0.336221,0.361169,0.320155
indegreeRandomFit_Bolasso_network_L1031_M115_support97.2_2.01e-03,970.491,22.0155,686.199,1528.85,3083.47,68,2180.21,4722.22,3174.16,70,2244.33,4861.11,995.477,22.6543,703.866,1573.21,41617100,21.9542,29426000,1524.59,41617100,25.0835,29426000,0.094858,0.301788,0.32741,0.313619,0.323632
indegreeRandomFit_Bolasso_network_L1253_M115_support97.6_1.16e-03,1131.69,23.0183,800.174,1598.5,3083.47,68,2180.21,4722.22,3174.16,70,2244.33,4861.11,1025.52,25.0209,725.109,1737.56,46131100,20.1335,32617600,1398.16,46131100,25.0835,32617600,0.0817149,0.359575,0.340171,0.323084,0.357441
FITBolsco_network_L1581_M115_support97_3.42e-04,933.206,19.551,659.836,1357.71,3083.47,68,2180.21,4722.22,3174.16,70,2244.33,4861.11,1029.7,19.5395,728.061,1356.91,47373700,17.8191,33496200,1237.44,47373700,25.0835,33496200,0.120817,0.314274,0.29042,0.324399,0.279136
FITBolasso_network_L1546_M115_support97.1_1.67e-04,1051.98,21.9025,743.818,1521.01,3083.47,68,2180.21,4722.22,3174.16,70,2244.33,4861.11,1032.01,22.9182,729.698,1591.54,49269200,18.5557,34836500,1288.59,49269200,25.0835,34836500,0.0356725,0.328426,0.323763,0.325129,0.327403
complimentRandomFit_Bolasso_network_L1253_M115_support98.7_1.16e-03,251.327,175.921,177.704,12216.7,3083.47,68,2180.21,4722.22,3174.16,70,2244.33,4861.11,2.75116,227.368,1.94525,15789.4,49905100,333.767,35286100,23178.3,49905100,25.0835,35286100,0.133875,0.000907767,3.24277,0.000866737,3.24811
FITBolasso_network_L1514_M115_support97_2.90e-04,944.64,21.3532,667.92,1482.86,3083.47,68,2180.21,4722.22,3174.16,70,2244.33,4861.11,969.029,21.9904,685.165,1527.11,50421600,18.1543,35651300,1260.72,50421600,25.0835,35651300,0.0601548,0.286328,0.317869,0.305287,0.314149
indegreeRandomFit_Bolasso_network_L1253_M115_support97.6_1.16e-03,999.176,23.915,706.481,1660.77,3083.47,68,2180.21,4722.22,3174.16,70,2244.33,4861.11,1087.62,23.7728,769.015,1650.89,50633200,21.6278,35800900,1501.93,50633200,25.0835,35800900,0.0207992,0.3059,0.355801,0.342647,0.339612
indegreeRandomFit_Bolasso_network_L1253_M115_support98.7_1.16e-03,1119,23.4993,791.202,1631.89,3083.47,68,2180.21,4722.22,3174.16,70,2244.33,4861.11,1154.68,24.1306,816.43,1675.74,51133000,22.8359,36154300,1585.83,51133000,25.0835,36154300,0.0985191,0.37869,0.336592,0.363774,0.344723
indegreeRandomFit_Bolasso_network_L1253_M115_support98.7_1.16e-03,1055.72,21.5152,746.459,1494.11,3083.47,68,2180.21,4722.22,3174.16,70,2244.33,4861.11,1103.93,21.8031,780.548,1514.1,52575700,20.4091,37174400,1417.3,52575700,25.0835,37174400,0.141684,0.335132,0.310326,0.347786,0.311472
complimentRandomFit_Bolasso_network_L1031_M115_support97.2_2.01e-03,1159.94,25.331,820.149,1759.1,3083.47,68,2180.21,4722.22,3174.16,70,2244.33,4861.11,1148.07,26.3453,811.757,1829.53,53031400,18.7334,37496500,1300.93,53031400,25.0835,37496500,-0.00939754,0.383723,0.362316,0.361692,0.376361
complimentRandomFit_Bolasso_network_L1145_M115_support97.5_1.52e-03,1214.08,27.6937,858.431,1923.17,3083.47,68,2180.21,4722.22,3174.16,70,2244.33,4861.11,1223.52,28.6993,865.107,1993.01,56061100,23.9367,39638800,1662.27,56061100,25.0835,39638800,0.00839293,0.386468,0.407131,0.385463,0.40999
complimentRandomFit_Bolasso_network_L1145_M115_support97.5_1.52e-03,1135.27,25.5809,802.71,1776.45,3083.47,68,2180.21,4722.22,3174.16,70,2244.33,4861.11,1300.31,25.3064,919.403,1757.39,64229800,22.212,45414600,1542.5,64229800,25.0835,45414600,0.0626197,0.358444,0.377297,0.409655,0.36152
FITBolasso_network_L666_M115_support95.2_4.60e-03,1118.91,25.0933,791.141,1742.59,3083.47,68,2180.21,4722.22,3174.16,70,2244.33,4861.11,1154.01,25.8048,815.962,1792,65041700,21.0743,45988600,1463.49,65041700,25.0835,45988600,0.0854278,0.384611,0.369064,0.363565,0.368641
complimentRandomFit_Bolasso_network_L1253_M115_support98.7_1.16e-03,1154.29,25.8387,816.158,1794.35,3083.47,68,2180.21,4722.22,3174.16,70,2244.33,4861.11,1235.13,26.2267,873.318,1821.3,73525600,21.1791,51987300,1470.77,73525600,25.0835,51987300,0.102498,0.400286,0.379804,0.389121,0.374667
indegreeRandomFit_Bolasso_network_L1253_M115_support97.6_1.16e-03,949.313,22.1225,671.225,1536.28,3083.47,68,2180.21,4722.22,3174.16,70,2244.33,4861.11,986.88,22.6251,697.787,1571.19,73785500,20.4867,52171000,1422.69,73785500,25.0835,52171000,0.0935319,0.294543,0.326914,0.310911,0.323216
FITBotlsco_network_L170_M115_support10_9.74e-02,585.491,11.5917,413.979,804.98,3083.47,68,2180.21,4722.22,3174.16,70,2244.33,4861.11,497.774,13.491,351.958,936.876,74699000,12.7785,52816900,887.399,74699000,25.0835,52816900,0.00883833,0.198862,0.167187,0.156821,0.192729
complimentRandomFit_Bolasso_network_L1145_M115_support97.5_1.52e-03,988.678,23.5369,699.059,1634.51,3083.47,68,2180.21,4722.22,3174.16,70,2244.33,4861.11,1079.15,23.4878,763.027,1631.1,75068900,20.5039,53078500,1423.88,75068900,25.0835,53078500,0.169689,0.308128,0.343101,0.339979,0.33554
indegreeRandomFit_Bolasso_network_L1145_M115_support97.5_1.52e-03,1021.34,22.4887,722.151,1561.72,3083.47,68,2180.21,4722.22,3174.16,70,2244.33,4861.11,962.886,24.1551,680.822,1677.44,77051700,19.9359,54480500,1384.44,77051700,25.0835,54480500,0.18351,0.344861,0.325284,0.303351,0.345073
complimentRandomFit_Bolasso_network_L1253_M115_support97.6_1.16e-03,1029.78,22.1189,728.123,1536.04,3083.47,68,2180.21,4722.22,3174.16,70,2244.33,4861.11,977.225,23.4913,690.96,1631.34,79892400,16.7085,56489000,1160.31,79892400,25.0835,56489000,0.0688838,0.349812,0.32204,0.307869,0.33559
FITBolsco_network_L383_M115_support80.4_2.84e-02,784.642,16.9366,554.792,1176.16,3083.47,68,2180.21,4722.22,3174.16,70,2244.33,4861.11,697.152,18.744,492.931,1301.66,83573500,16.5806,59091800,1151.43,83573500,25.0835,59091800,0.083263,0.256126,0.253884,0.219634,0.267771
indegreeRandomFit_Bolasso_network_L1145_M115_support98.4_1.52e-03,1065.62,22.0849,753.458,1533.68,3083.47,68,2180.21,4722.22,3174.16,70,2244.33,4861.11,1147.04,22.2113,811.03,1542.45,84934600,20.2696,60054200,1407.61,84934600,25.0835,60054200,0.139337,0.339205,0.312064,0.361368,0.317304
complimentRandomFit_Bolasso_network_L1145_M115_support97.5_1.52e-03,1170.27,25.0431,827.457,1739.11,3083.47,68,2180.21,4722.22,3174.16,70,2244.33,4861.11,1147.98,26.2368,811.696,1822,84950400,21.5835,60065400,1498.85,84950400,25.0835,60065400,-0.00531406,0.391669,0.36682,0.361665,0.374811
complimentRandomFit_Bolasso_network_L1253_M115_support98.7_1.16e-03,1243.41,25.4798,879.171,1769.43,3083.47,68,2180.21,4722.22,3174.16,70,2244.33,4861.11,1197.85,26.8971,846.956,1867.86,87793700,19.9129,62075700,1382.84,87793700,25.0835,62075700,0.10051,0.415636,0.366509,0.377375,0.384244
complimentRandomFit_Bolasso_network_L1145_M115_support97.5_1.52e-03,1171.46,26.0293,828.297,1807.59,3083.47,68,2180.21,4722.22,3174.16,70,2244.33,4861.11,1215.2,26.7074,859.223,1854.68,87963600,21.1558,62195900,1469.15,87963600,25.0835,62195900,0.135213,0.340919,0.388903,0.382841,0.381535
FITBolasso_network_L785_M115_support95.7_3.49e-03,1186.83,25.7092,839.165,1785.36,3083.47,68,2180.21,4722.22,3174.16,70,2244.33,4861.11,1140.07,27.008,806.103,1875.56,97178600,20.8938,68711500,1450.96,97178600,25.0835,68711500,0.0989202,0.390531,0.382527,0.359173,0.385829
FITBolsco_network_L1591_M115_support97_1.60e-04,845.517,19.6624,597.834,1365.44,3083.47,68,2180.21,4722.22,3174.16,70,2244.33,4861.11,883.752,20.0885,624.869,1395.04,104064000,18.8152,73579700,1306.61,104064000,25.0835,73579700,0.0755428,0.280603,0.292859,0.278421,0.286979
FITBolsco_network_L1593_M115_support97.1_7.46e-05,845.517,19.6624,597.834,1365.44,3083.47,68,2180.21,4722.22,3174.16,70,2244.33,4861.11,883.752,20.0885,624.869,1395.04,104064000,18.8152,73579700,1306.61,104064000,25.0835,73579700,0.0755428,0.280603,0.292859,0.278421,0.286979
FITBolsco_network_L1596_M115_support97.1_3.53e-05,845.517,19.6624,597.834,1365.44,3083.47,68,2180.21,4722.22,3174.16,70,2244.33,4861.11,883.752,20.0885,624.869,1395.04,104064000,18.8152,73579700,1306.61,104064000,25.0835,73579700,0.0755428,0.280603,0.292859,0.278421,0.286979
FITBolsco_network_L1597_M115_support97.1_1.70e-05,845.517,19.6624,597.834,1365.44,3083.47,68,2180.21,4722.22,3174.16,70,2244.33,4861.11,883.752,20.0885,624.869,1395.04,104064000,18.8152,73579700,1306.61,104064000,25.0835,73579700,0.0755428,0.280603,0.292859,0.278421,0.286979
FITBolsco_network_L1598_M115_support97.1_1.86e-06,845.517,19.6624,597.834,1365.44,3083.47,68,2180.21,4722.22,3174.16,70,2244.33,4861.11,883.752,20.0885,624.869,1395.04,104064000,18.8152,73579700,1306.61,104064000,25.0835,73579700,0.0755428,0.280603,0.292859,0.278421,0.286979
FITBolsco_network_L1598_M115_support97.1_2.71e-06,845.517,19.6624,597.834,1365.44,3083.47,68,2180.21,4722.22,3174.16,70,2244.33,4861.11,883.752,20.0885,624.869,1395.04,104064000,18.8152,73579700,1306.61,104064000,25.0835,73579700,0.0755428,0.280603,0.292859,0.278421,0.286979
FITBolsco_network_L1598_M115_support97.1_4.54e-06,845.517,19.6624,597.834,1365.44,3083.47,68,2180.21,4722.22,3174.16,70,2244.33,4861.11,883.752,20.0885,624.869,1395.04,104064000,18.8152,73579700,1306.61,104064000,25.0835,73579700,0.0755428,0.280603,0.292859,0.278421,0.286979
FITBolsco_network_L1598_M115_support97.1_8.48e-06,845.517,19.6624,597.834,1365.44,3083.47,68,2180.21,4722.22,3174.16,70,2244.33,4861.11,883.752,20.0885,624.869,1395.04,104064000,18.8152,73579700,1306.61,104064000,25.0835,73579700,0.0755428,0.280603,0.292859,0.278421,0.286979
FITBolsco_network_L1599_M115_support97.1_1.47e-06,845.517,19.6624,597.834,1365.44,3083.47,68,2180.21,4722.22,3174.16,70,2244.33,4861.11,883.752,20.0885,624.869,1395.04,104064000,18.8152,73579700,1306.61,104064000,25.0835,73579700,0.0755428,0.280603,0.292859,0.278421,0.286979
complimentRandomFit_Bolasso_network_L1145_M115_support97.5_1.52e-03,1119.46,22.5321,791.533,1564.73,3083.47,68,2180.21,4722.22,3174.16,70,2244.33,4861.11,1179.09,22.9538,833.693,1594.02,110838000,20.5821,78369500,1429.31,110838000,25.0835,78369500,0.0453331,0.365654,0.319975,0.371466,0.327912
complimentRandomFit_Bolasso_network_L1031_M115_support98.1_2.01e-03,1213.78,25.7537,858.221,1788.45,3083.47,68,2180.21,4722.22,3174.16,70,2244.33,4861.11,1188.12,26.9983,840.073,1874.88,129907000,22.9374,91852600,1592.88,129907000,25.0835,91852600,0.137961,0.382584,0.3767,0.374309,0.385691
complimentRandomFit_Bolasso_network_L1253_M115_support97.6_1.16e-03,1166.24,24.5899,824.606,1707.63,3083.47,68,2180.21,4722.22,3174.16,70,2244.33,4861.11,1061.46,26.5245,750.519,1841.98,162222000,21.0202,114701000,1459.73,162222000,25.0835,114701000,0.0557838,0.377801,0.3467,0.334406,0.378921
indegreeRandomFit_Bolasso_network_L1145_M115_support98.4_1.52e-03,1130.47,23.1832,799.315,1609.94,3083.47,68,2180.21,4722.22,3174.16,70,2244.33,4861.11,1038.27,25.001,734.123,1736.18,187388000,21.7738,132495000,1512.07,187388000,25.0835,132495000,0.238411,0.36944,0.338138,0.327101,0.357157
complimentRandomFit_Bolasso_network_L1253_M115_support97.6_1.16e-03,1118.53,25.3159,790.87,1758.05,3083.47,68,2180.21,4722.22,3174.16,70,2244.33,4861.11,1188.62,25.7203,840.431,1786.13,194627000,22.587,137614000,1568.54,194627000,25.0835,137614000,0.129371,0.369545,0.375475,0.374468,0.367433
complimentRandomFit_Bolasso_network_L1253_M115_support98.7_1.16e-03,1022.32,23.9653,722.842,1664.26,3083.47,68,2180.21,4722.22,3174.16,70,2244.33,4861.11,1068.29,24.4861,755.348,1700.42,203319000,22.7824,143759000,1582.11,203319000,25.0835,143759000,0.170047,0.314581,0.351507,0.336558,0.349801
FITBolasso_network_L1384_M115_support97.4_6.65e-04,1089.55,23.7376,770.385,1648.44,3083.47,68,2180.21,4722.22,3174.16,70,2244.33,4861.11,999.691,25.4661,706.845,1768.48,223655000,21.6426,158139000,1502.96,223655000,25.0835,158139000,0.0125037,0.365617,0.347046,0.314947,0.363802
FITBolsco_network_L1466_M115_support96.4_1.79e-03,946.441,20.4746,669.194,1421.85,3083.47,68,2180.21,4722.22,3174.16,70,2244.33,4861.11,1054.06,20.4202,745.288,1418.07,235405000,19.0086,166446000,1320.04,235405000,25.0835,166446000,0.242041,0.286038,0.31687,0.332075,0.291717
complimentRandomFit_Bolasso_network_L1145_M115_support97.5_1.52e-03,1033.35,23.7954,730.642,1652.46,3083.47,68,2180.21,4722.22,3174.16,70,2244.33,4861.11,1166.34,23.4256,824.673,1626.77,371842000,22.1789,262916000,1540.2,371842000,25.0835,262916000,0.0496238,0.31478,0.345593,0.367447,0.334651
FITBolsco_network_L1423_M115_support96.2_2.36e-03,1023.73,21.4138,723.841,1487.07,3083.47,68,2180.21,4722.22,3174.16,70,2244.33,4861.11,986.795,22.5456,697.727,1565.67,463080000,19.8443,327427000,1378.08,463080000,25.0835,327427000,0.293146,0.30606,0.332879,0.310884,0.32208
complimentRandomFit_Bolasso_network_L1031_M115_support98.1_2.01e-03,1071.82,24.1726,757.845,1678.65,3083.47,68,2180.21,4722.22,3174.16,70,2244.33,4861.11,1078.07,25.1064,762.261,1743.5,565177000,20.0155,399616000,1389.96,565177000,25.0835,399616000,0.147347,0.32601,0.36,0.339638,0.358663
complimentRandomFit_Bolasso_network_L1031_M115_support97.2_2.01e-03,1179.05,25.8156,833.662,1792.75,3083.47,68,2180.21,4722.22,3174.16,70,2244.33,4861.11,1256.38,26.221,888.338,1820.9,600266000,19.4656,424426000,1351.78,600266000,25.0835,424426000,0.0209366,0.361693,0.374408,0.395814,0.374585
FITBolsco_network_L1497_M115_support96.6_1.36e-03,856.881,20.6356,605.869,1433.03,3083.47,68,2180.21,4722.22,3174.16,70,2244.33,4861.11,874.437,21.304,618.283,1479.45,713227000,18.6321,504297000,1293.9,713227000,25.0835,504297000,0.151217,0.290923,0.306114,0.275486,0.304343
complimentRandomFit_Bolasso_network_L1031_M115_support97.2_2.01e-03,1127.18,24.778,796.99,1720.69,3083.47,68,2180.21,4722.22,3174.16,70,2244.33,4861.11,1257.21,24.6452,888.929,1711.47,1139120000,20.7056,805429000,1437.89,1139120000,25.0835,805429000,0.075097,0.382184,0.352562,0.396077,0.352075
FITBolasso_network_L1253_M115_support97.6_1.16e-03,1181.27,26.1168,835.234,1813.67,3083.47,68,2180.21,4722.22,3174.16,70,2244.33,4861.11,1169.26,27.1777,826.743,1887.34,1433220000,22.3403,1013380000,1551.41,1433220000,25.0835,1013380000,0.194357,0.356906,0.388376,0.368369,0.388253
complimentRandomFit_Bolasso_network_L1253_M115_support97.6_1.16e-03,1145.33,24.9205,809.821,1730.59,3083.47,68,2180.21,4722.22,3174.16,70,2244.33,4861.11,1193.07,25.507,843.575,1771.32,1902690000,22.1635,1345320000,1539.13,1902690000,25.0835,1345320000,0.0586567,0.378784,0.347012,0.375869,0.364386
FITBolsco_network_L1293_M115_support97.9_4.10e-03,918.312,18.8865,649.305,1311.56,3083.47,68,2180.21,4722.22,3174.16,70,2244.33,4861.11,819.351,20.7281,579.333,1439.45,1980140000,17.46,1400080000,1212.5,1980140000,25.0835,1400080000,0.265585,0.305361,0.281198,0.258132,0.296116
complimentRandomFit_Bolasso_network_L1031_M115_support98.1_2.01e-03,1165.66,26.2617,824.194,1823.73,3083.47,68,2180.21,4722.22,3174.16,70,2244.33,4861.11,1285.65,26.3481,909.035,1829.73,2181860000,22.7907,1542720000,1582.69,2181860000,25.0835,1542720000,0.0875868,0.401037,0.386346,0.405036,0.376402
indegreeRandomFit_Bolasso_network_L1145_M115_support97.5_1.52e-03,120.493,198.36,85.1959,13775,3083.47,68,2180.21,4722.22,3174.16,70,2244.33,4861.11,10.732,227.299,7.58823,15784.6,3241090000,459.727,2291660000,31925.5,3241090000,25.0835,2291660000,0.0273392,0.00308938,3.29407,0.00338106,3.24713
complimentRandomFit_Bolasso_network_L1253_M115_support97.6_1.16e-03,1284.67,26.5839,908.343,1846.1,3083.47,68,2180.21,4722.22,3174.16,70,2244.33,4861.11,1256.96,28.0596,888.753,1948.58,3649560000,23.1888,2580470000,1610.33,3649560000,25.0835,2580470000,0.151665,0.415005,0.394401,0.395998,0.400852
complimentRandomFit_Bolasso_network_L1145_M115_support97.5_1.52e-03,1174.72,26.1407,830.601,1815.33,3083.47,68,2180.21,4722.22,3174.16,70,2244.33,4861.11,1111.57,27.7123,785.951,1924.47,3693410000,20.1254,2611470000,1397.6,3693410000,25.0835,2611470000,0.0444508,0.369148,0.382445,0.350193,0.39589
FITBolsco_network_L1370_M115_support95.8_3.11e-03,999.933,22.4953,707.016,1562.17,3083.47,68,2180.21,4722.22,3174.16,70,2244.33,4861.11,1074.42,22.8089,759.685,1583.95,4367840000,19.8163,3088340000,1376.13,4367840000,25.0835,3088340000,0.19584,0.358309,0.328841,0.33849,0.325841
complimentRandomFit_Bolasso_network_L1031_M115_support97.2_2.01e-03,1102.45,24.7132,779.499,1716.2,3083.47,68,2180.21,4722.22,3174.16,70,2244.33,4861.11,1201.17,24.9364,849.306,1731.7,5863080000,19.8212,4145570000,1376.47,5863080000,25.0835,4145570000,0.0452508,0.336151,0.376759,0.378422,0.356235
complimentRandomFit_Bolasso_network_L1253_M115_support97.6_1.16e-03,1143.43,24.0226,808.479,1668.23,3083.47,68,2180.21,4722.22,3174.16,70,2244.33,4861.11,1115.66,25.258,788.844,1754.03,5894430000,21.1277,4167740000,1467.2,5894430000,25.0835,4167740000,0.0320085,0.383321,0.335736,0.351482,0.360828
FITBolsco_network_L1202_M115_support94.6_5.41e-03,849.998,19.6757,601.003,1366.37,3083.47,68,2180.21,4722.22,3174.16,70,2244.33,4861.11,863.129,20.3401,610.287,1412.5,6343250000,18.1116,4485080000,1257.75,6343250000,25.0835,4485080000,0.140066,0.274465,0.295253,0.271923,0.290572
FITBolsco_network_L1095_M115_support93.5_7.13e-03,853.963,18.8105,603.806,1306.28,3083.47,68,2180.21,4722.22,3174.16,70,2244.33,4861.11,966.828,18.5424,683.609,1287.67,8891960000,17.2808,6287180000,1200.05,8891960000,25.0835,6287180000,0.0901201,0.290236,0.268992,0.304593,0.264892
complimentRandomFit_Bolasso_network_L1145_M115_support98.4_1.52e-03,1317.72,28.5629,931.713,1983.53,3083.47,68,2180.21,4722.22,3174.16,70,2244.33,4861.11,1241.63,30.1429,877.912,2093.26,10048200000,23.1586,7104700000,1608.24,10048200000,25.0835,7104700000,0.0465375,0.398528,0.425484,0.391168,0.430613
FITBolsco_network_L949_M115_support92.2_9.40e-03,831.579,19.8294,587.979,1377.04,3083.47,68,2180.21,4722.22,3174.16,70,2244.33,4861.11,930.218,19.6299,657.723,1363.18,10601400000,17.7714,7495870000,1234.13,10601400000,25.0835,7495870000,0.179076,0.27913,0.293981,0.293059,0.280427
complimentRandomFit_Bolasso_network_L1253_M115_support97.6_1.16e-03,1088.24,24.1556,769.456,1677.47,3083.47,68,2180.21,4722.22,3174.16,70,2244.33,4861.11,1053.88,25.3652,745.159,1761.47,25414500000,20.9947,17969700000,1457.96,25414500000,25.0835,17969700000,0.0735123,0.367949,0.357555,0.332018,0.36236
FITBolsco_network_L1293_M115_support95.3_4.10e-03,1051.09,23.7304,743.184,1647.95,3083.47,68,2180.21,4722.22,3174.16,70,2244.33,4861.11,1219.63,23.4275,862.359,1626.91,32125800000,20.605,22715000000,1430.9,32125800000,25.0835,22715000000,0.12313,0.381092,0.343922,0.384238,0.334678
complimentRandomFit_Bolasso_network_L1145_M115_support98.4_1.52e-03,1182.03,24.1218,835.768,1675.12,3083.47,68,2180.21,4722.22,3174.16,70,2244.33,4861.11,1209.96,24.8729,855.517,1727.28,1.62695E+11,20.9897,1.15036E+11,1457.62,1.62695E+11,25.0835,1.15036E+11,0.0789541,0.3943,0.354618,0.38119,0.355327
complimentRandomFit_Bolasso_network_L1145_M115_support97.5_1.52e-03,1168.47,24.6175,826.179,1709.55,3083.47,68,2180.21,4722.22,3174.16,70,2244.33,4861.11,1128.37,26.0005,797.83,1805.59,3.09135E+11,21.4877,2.18578E+11,1492.2,3.09135E+11,25.0835,2.18578E+11,0.0220742,0.389698,0.358468,0.355486,0.371435
complimentRandomFit_Bolasso_network_L1145_M115_support97.5_1.52e-03,1013.44,23.7549,716.567,1649.65,3083.47,68,2180.21,4722.22,3174.16,70,2244.33,4861.11,1043.04,24.4322,737.499,1696.68,7.30489E+11,21.5127,5.16502E+11,1493.94,7.30489E+11,25.0835,5.16502E+11,0.0152903,0.32051,0.360289,0.328605,0.349032
complimentRandomFit_Bolasso_network_L1253_M115_support98.7_1.16e-03,1123.87,23.7436,794.651,1648.86,3083.47,68,2180.21,4722.22,3174.16,70,2244.33,4861.11,1196.06,24.1228,845.692,1675.19,8.98041E+11,20.846,6.34972E+11,1447.64,8.98041E+11,25.0835,6.34972E+11,0.0897517,0.326314,0.365615,0.376812,0.344611
complimentRandomFit_Bolasso_network_L1145_M115_support98.4_1.52e-03,1179.58,25.3426,834.036,1759.9,3083.47,68,2180.21,4722.22,3174.16,70,2244.33,4861.11,1115.06,26.8992,788.419,1868,2.03904E+12,23.1555,1.44173E+12,1608.02,2.03904E+12,25.0835,1.44173E+12,0.0347326,0.377233,0.373498,0.351293,0.384274
complimentRandomFit_Bolasso_network_L1031_M115_support97.2_2.01e-03,1137.7,25.7534,804.426,1788.43,3083.47,68,2180.21,4722.22,3174.16,70,2244.33,4861.11,1217.7,26.0147,860.988,1806.57,2.65075E+12,22.8628,1.87425E+12,1587.7,2.65075E+12,25.0835,1.87425E+12,0.0414944,0.339873,0.383354,0.383628,0.371638
complimentRandomFit_Bolasso_network_L1031_M115_support98.1_2.01e-03,1259.83,27.0687,890.78,1879.77,3083.47,68,2180.21,4722.22,3174.16,70,2244.33,4861.11,1203.52,28.48,850.967,1977.78,4.03094E+12,21.9173,2.85013E+12,1522.03,4.03094E+12,25.0835,2.85013E+12,0.0363597,0.423625,0.403576,0.379163,0.406857
FITBolasso_network_L898_M115_support96.8_2.65e-03,1162.81,25.3955,822.183,1763.57,3083.47,68,2180.21,4722.22,3174.16,70,2244.33,4861.11,1115.95,26.7143,789.046,1855.16,9.96014E+12,21.78,7.04245E+12,1512.5,9.96014E+12,25.0835,7.04245E+12,0.0732932,0.368493,0.378573,0.351572,0.381633
complimentRandomFit_Bolasso_network_L1031_M115_support98.1_2.01e-03,1216.71,26.7663,860.291,1858.77,3083.47,68,2180.21,4722.22,3174.16,70,2244.33,4861.11,1333,26.8858,942.518,1867.07,1.27786E+14,23.2588,9.03526E+13,1615.2,1.27786E+14,25.0835,9.03526E+13,0.0578512,0.406032,0.389899,0.419954,0.384084
complimentRandomFit_Bolasso_network_L1031_M115_support98.1_2.01e-03,1187.41,24.3576,839.572,1691.5,3083.47,68,2180.21,4722.22,3174.16,70,2244.33,4861.11,1096.3,26.3106,775.155,1827.13,2.42884E+14,21.6065,1.71734E+14,1500.45,2.42884E+14,25.0835,1.71734E+14,0.052695,0.380867,0.356475,0.345383,0.375866
complimentRandomFit_Bolasso_network_L1031_M115_support97.2_2.01e-03,1064.65,22.5917,752.774,1568.87,3083.47,68,2180.21,4722.22,3174.16,70,2244.33,4861.11,1033.6,23.8156,730.824,1653.86,3.01965E+14,19.0488,2.13508E+14,1322.84,3.01965E+14,25.0835,2.13508E+14,0.0674499,0.35495,0.332638,0.325631,0.340222
FITBolasso_network_L10_M115_support41.2_9.61e-02,NaN,NaN,NaN,NaN,3083.47,68,2180.21,4722.22,3174.16,70,2244.33,4861.11,NaN,NaN,NaN,NaN,NaN,NaN,NaN,NaN,NaN,25.0835,NaN,NaN,NaN,NaN,NaN,NaN
FITBolasso_network_L1557_M115_support100.1_1.27e-04,NaN,NaN,NaN,NaN,3083.47,68,2180.21,4722.22,3174.16,70,2244.33,4861.11,NaN,NaN,NaN,NaN,NaN,NaN,NaN,NaN,NaN,25.0835,NaN,NaN,NaN,NaN,NaN,NaN
FITBolasso_network_L1583_M115_support100.1_5.88e-05,NaN,NaN,NaN,NaN,3083.47,68,2180.21,4722.22,3174.16,70,2244.33,4861.11,NaN,NaN,NaN,NaN,NaN,NaN,NaN,NaN,NaN,25.0835,NaN,NaN,NaN,NaN,NaN,NaN
FITBolasso_network_L1591_M115_support100.1_2.73e-05,NaN,NaN,NaN,NaN,3083.47,68,2180.21,4722.22,3174.16,70,2244.33,4861.11,NaN,NaN,NaN,NaN,NaN,NaN,NaN,NaN,NaN,25.0835,NaN,NaN,NaN,NaN,NaN,NaN
FITBolasso_network_L175_M115_support70.1_2.41e-02,NaN,NaN,NaN,NaN,3083.47,68,2180.21,4722.22,3174.16,70,2244.33,4861.11,NaN,NaN,NaN,NaN,NaN,NaN,NaN,NaN,NaN,25.0835,NaN,NaN,0.442988,0.443291,NaN,NaN
FITBolasso_network_L23_M115_support44.1_7.29e-02,NaN,NaN,NaN,NaN,3083.47,68,2180.21,4722.22,3174.16,70,2244.33,4861.11,NaN,NaN,NaN,NaN,NaN,NaN,NaN,NaN,NaN,25.0835,NaN,NaN,NaN,NaN,NaN,NaN
FITBolasso_network_L277_M115_support80.4_1.83e-02,NaN,NaN,NaN,NaN,3083.47,68,2180.21,4722.22,3174.16,70,2244.33,4861.11,NaN,NaN,NaN,NaN,NaN,NaN,NaN,NaN,NaN,25.0835,NaN,NaN,NaN,NaN,NaN,NaN
FITBolasso_network_L31_M115_support49.4_5.53e-02,NaN,NaN,NaN,NaN,3083.47,68,2180.21,4722.22,3174.16,70,2244.33,4861.11,NaN,NaN,NaN,NaN,NaN,NaN,NaN,NaN,NaN,25.0835,NaN,NaN,NaN,NaN,NaN,NaN
FITBolasso_network_L342_M115_support85.3_1.39e-02,NaN,NaN,NaN,NaN,3083.47,68,2180.21,4722.22,3174.16,70,2244.33,4861.11,1347.99,29.7364,953.116,2065.02,NaN,NaN,NaN,NaN,NaN,25.0835,NaN,NaN,0.450604,0.416055,0.424677,0.424805
FITBolasso_network_L342_M115_support87.2_1.39e-02,NaN,NaN,NaN,NaN,3083.47,68,2180.21,4722.22,3174.16,70,2244.33,4861.11,1261.61,30.4185,892.04,2112.39,NaN,NaN,NaN,NaN,NaN,25.0835,NaN,NaN,0.455843,0.417351,0.397463,0.43455
FITBolasso_network_L45_M115_support58.3_4.19e-02,NaN,NaN,NaN,NaN,3083.47,68,2180.21,4722.22,3174.16,70,2244.33,4861.11,NaN,NaN,NaN,NaN,NaN,NaN,NaN,NaN,NaN,25.0835,NaN,NaN,NaN,NaN,NaN,NaN
FITBolasso_network_L96_M115_support64.8_3.18e-02,NaN,NaN,NaN,NaN,3083.47,68,2180.21,4722.22,3174.16,70,2244.33,4861.11,NaN,NaN,NaN,NaN,NaN,NaN,NaN,NaN,NaN,25.0835,NaN,NaN,NaN,NaN,NaN,NaN
FITBolsco_network_L1581_M115_support100.1_3.42e-04,NaN,NaN,NaN,NaN,3083.47,68,2180.21,4722.22,3174.16,70,2244.33,4861.11,NaN,NaN,NaN,NaN,NaN,NaN,NaN,NaN,NaN,25.0835,NaN,NaN,NaN,NaN,NaN,NaN
FITBolsco_network_L1591_M115_support100.1_1.60e-04,NaN,NaN,NaN,NaN,3083.47,68,2180.21,4722.22,3174.16,70,2244.33,4861.11,NaN,NaN,NaN,NaN,NaN,NaN,NaN,NaN,NaN,25.0835,NaN,NaN,NaN,NaN,NaN,NaN
FITBolsco_network_L18_M115_support10.5_1.96e-01,NaN,NaN,NaN,NaN,3083.47,68,2180.21,4722.22,3174.16,70,2244.33,4861.11,NaN,NaN,NaN,NaN,NaN,NaN,NaN,NaN,NaN,25.0835,NaN,NaN,NaN,NaN,NaN,NaN
FITBolsco_network_L7_M115_support0.2_2.59e-01,NaN,NaN,NaN,NaN,3083.47,68,2180.21,4722.22,3174.16,70,2244.33,4861.11,NaN,NaN,NaN,NaN,NaN,NaN,NaN,NaN,NaN,25.0835,NaN,NaN,NaN,NaN,NaN,NaN
FITBotlsco_network_L1032_M115_support97.6_1.07e-02,NaN,NaN,NaN,NaN,3083.47,68,2180.21,4722.22,3174.16,70,2244.33,4861.11,NaN,NaN,NaN,NaN,NaN,NaN,NaN,NaN,NaN,25.0835,NaN,NaN,NaN,NaN,NaN,NaN
FITBotlsco_network_L10_M115_support30_6.74e-01,NaN,NaN,NaN,NaN,3083.47,68,2180.21,4722.22,3174.16,70,2244.33,4861.11,NaN,NaN,NaN,NaN,NaN,NaN,NaN,NaN,NaN,25.0835,NaN,NaN,NaN,NaN,NaN,NaN
FITBotlsco_network_L1555_M115_support99.9_5.91e-04,NaN,NaN,NaN,NaN,3083.47,68,2180.21,4722.22,3174.16,70,2244.33,4861.11,NaN,NaN,NaN,NaN,NaN,NaN,NaN,NaN,NaN,25.0835,NaN,NaN,NaN,NaN,NaN,NaN
FITBotlsco_network_L1595_M115_support100.1_4.00e-05,NaN,NaN,NaN,NaN,3083.47,68,2180.21,4722.22,3174.16,70,2244.33,4861.11,NaN,NaN,NaN,NaN,NaN,NaN,NaN,NaN,NaN,25.0835,NaN,NaN,NaN,NaN,NaN,NaN
FITBotlsco_network_L1597_M115_support100.1_2.56e-05,NaN,NaN,NaN,NaN,3083.47,68,2180.21,4722.22,3174.16,70,2244.33,4861.11,NaN,NaN,NaN,NaN,NaN,NaN,NaN,NaN,NaN,25.0835,NaN,NaN,NaN,NaN,NaN,NaN
FITBotlsco_network_L1598_M115_support100.1_1.58e-05,NaN,NaN,NaN,NaN,3083.47,68,2180.21,4722.22,3174.16,70,2244.33,4861.11,NaN,NaN,NaN,NaN,NaN,NaN,NaN,NaN,NaN,25.0835,NaN,NaN,NaN,NaN,NaN,NaN
FITBotlsco_network_L1598_M115_support100.1_1.89e-05,NaN,NaN,NaN,NaN,3083.47,68,2180.21,4722.22,3174.16,70,2244.33,4861.11,NaN,NaN,NaN,NaN,NaN,NaN,NaN,NaN,NaN,25.0835,NaN,NaN,NaN,NaN,NaN,NaN
FITBotlsco_network_L16_M115_support26.5_5.11e-01,NaN,NaN,NaN,NaN,3083.47,68,2180.21,4722.22,3174.16,70,2244.33,4861.11,NaN,NaN,NaN,NaN,NaN,NaN,NaN,NaN,NaN,25.0835,NaN,NaN,NaN,NaN,NaN,NaN
FITBotlsco_network_L27_M115_support22_3.88e-01,NaN,NaN,NaN,NaN,3083.47,68,2180.21,4722.22,3174.16,70,2244.33,4861.11,NaN,NaN,NaN,NaN,NaN,NaN,NaN,NaN,NaN,25.0835,NaN,NaN,NaN,NaN,NaN,NaN
FITBotlsco_network_L293_M115_support71.6_5.61e-02,NaN,NaN,NaN,NaN,3083.47,68,2180.21,4722.22,3174.16,70,2244.33,4861.11,1362.4,32.2283,963.301,2238.08,NaN,NaN,NaN,NaN,NaN,25.0835,NaN,NaN,0.485909,0.449616,0.429215,0.460404
FITBotlsco_network_L374_M115_support78.1_4.25e-02,NaN,NaN,NaN,NaN,3083.47,68,2180.21,4722.22,3174.16,70,2244.33,4861.11,NaN,NaN,NaN,NaN,NaN,NaN,NaN,NaN,NaN,25.0835,NaN,NaN,NaN,NaN,NaN,NaN
FITBotlsco_network_L40_M115_support13.5_2.94e-01,NaN,NaN,NaN,NaN,3083.47,68,2180.21,4722.22,3174.16,70,2244.33,4861.11,NaN,NaN,NaN,NaN,NaN,NaN,NaN,NaN,NaN,25.0835,NaN,NaN,NaN,NaN,NaN,NaN
FITBotlsco_network_L40_M115_support15.4_2.94e-01,NaN,NaN,NaN,NaN,3083.47,68,2180.21,4722.22,3174.16,70,2244.33,4861.11,NaN,NaN,NaN,NaN,NaN,NaN,NaN,NaN,NaN,25.0835,NaN,NaN,NaN,NaN,NaN,NaN
FITBotlsco_network_L494_M115_support84.3_3.23e-02,NaN,NaN,NaN,NaN,3083.47,68,2180.21,4722.22,3174.16,70,2244.33,4861.11,NaN,NaN,NaN,NaN,NaN,NaN,NaN,NaN,NaN,25.0835,NaN,NaN,NaN,NaN,NaN,NaN
FITBotlsco_network_L616_M115_support88.8_2.45e-02,NaN,NaN,NaN,NaN,3083.47,68,2180.21,4722.22,3174.16,70,2244.33,4861.11,NaN,NaN,NaN,NaN,NaN,NaN,NaN,NaN,NaN,25.0835,NaN,NaN,NaN,NaN,NaN,NaN
FITBotlsco_network_L6_M115_support41.7_1.17e+00,NaN,NaN,NaN,NaN,3083.47,68,2180.21,4722.22,3174.16,70,2244.33,4861.11,NaN,NaN,NaN,NaN,NaN,NaN,NaN,NaN,NaN,25.0835,NaN,NaN,NaN,NaN,NaN,NaN
FITBotlsco_network_L741_M115_support92_1.86e-02,NaN,NaN,NaN,NaN,3083.47,68,2180.21,4722.22,3174.16,70,2244.33,4861.11,NaN,NaN,NaN,NaN,NaN,NaN,NaN,NaN,NaN,25.0835,NaN,NaN,NaN,NaN,NaN,NaN
FITBotlsco_network_L7_M115_support36.2_8.89e-01,NaN,NaN,NaN,NaN,3083.47,68,2180.21,4722.22,3174.16,70,2244.33,4861.11,NaN,NaN,NaN,NaN,NaN,NaN,NaN,NaN,NaN,25.0835,NaN,NaN,NaN,NaN,NaN,NaN
FITBotlsco_network_L907_M115_support94.6_1.41e-02,NaN,NaN,NaN,NaN,3083.47,68,2180.21,4722.22,3174.16,70,2244.33,4861.11,NaN,NaN,NaN,NaN,NaN,NaN,NaN,NaN,NaN,25.0835,NaN,NaN,NaN,NaN,NaN,NaN